{
    "SPUu": {
        "ambiguity": {
            "2": [
                {
                    "spelling": "chaw",
                    "explanation": [
                        {
                            "theory": "",
                            "chord": "SP",
                            "description": "ch"
                        },
                        {
                            "theory": "",
                            "chord": "Uu",
                            "description": "Uu vowel"
                        }
                    ]
                }
            ]
        }
    },
    "SPUuncf": {
        "ambiguity": {
            "3": [
                {
                    "spelling": "chore",
                    "explanation": [
                        {
                            "theory": "",
                            "chord": "SP",
                            "description": "ch"
                        },
                        {
                            "theory": "",
                            "chord": "Uu",
                            "description": "Uu vowel spelt o"
                        },
                        {
                            "theory": "",
                            "chord": "ncf",
                            "description": "r"
                        }
                    ]
                }
            ]
        }
    },
    "SPUuncf/FPRIepcs": {
        "ambiguity": {
            "6": [
                {
                    "spelling": "chortled",
                    "explanation": [
                        {
                            "theory": "",
                            "chord": "SP",
                            "description": "ch"
                        },
                        {
                            "theory": "",
                            "chord": "Uu",
                            "description": "Uu vowel spelt o"
                        },
                        {
                            "theory": "",
                            "chord": "ncf",
                            "description": "r"
                        },
                        {
                            "theory": "",
                            "chord": "/",
                            "description": ""
                        },
                        {
                            "theory": "",
                            "chord": "FP",
                            "description": "t"
                        },
                        {
                            "theory": "",
                            "chord": "RI",
                            "description": "l"
                        },
                        {
                            "theory": "Harri",
                            "chord": "E",
                            "description": "silent e"
                        },
                        {
                            "theory": "",
                            "chord": "pcs",
                            "description": "suffix -ed"
                        }
                    ]
                }
            ]
        }
    }
}