{
    "CXUuencs": {
        "ambiguity": {
            "5": [
                {
                    "spelling": "chenille",
                    "explanation": [
                        {
                            "theory": "",
                            "chord": "C",
                            "description": "sh sound"
                        },
                        {
                            "theory": "",
                            "chord": "",
                            "description": "drop short vowel"
                        },
                        {
                            "theory": "",
                            "chord": "TPH",
                            "description": "n"
                        },
                        {
                            "theory": "",
                            "chord": "ue",
                            "description": "ue vowel"
                        },
                        {
                            "theory": "",
                            "chord": "ncs",
                            "description": "le"
                        }
                    ]
                }
            ]
        }
    },
    "CXUincs": {
        "ambiguity": {
            "6": [
                {
                    "spelling": "chenille",
                    "explanation": [
                        {
                            "theory": "",
                            "chord": "C",
                            "description": "sh sound"
                        },
                        {
                            "theory": "",
                            "chord": "",
                            "description": "drop short vowel"
                        },
                        {
                            "theory": "",
                            "chord": "TPH",
                            "description": "n"
                        },
                        {
                            "theory": "",
                            "chord": "i",
                            "description": "ue vowel spelt i"
                        },
                        {
                            "theory": "",
                            "chord": "ncs",
                            "description": "le"
                        }
                    ]
                }
            ]
        }
    },
    "CXUencs": {
        "ambiguity": {
            "1": [
                {
                    "spelling": "schnell",
                    "explanation": [
                        {
                            "theory": "",
                            "chord": "C",
                            "description": "sh sound"
                        },
                        {
                            "theory": "",
                            "chord": "TPH",
                            "description": "n"
                        },
                        {
                            "theory": "",
                            "chord": "e",
                            "description": "e"
                        },
                        {
                            "theory": "",
                            "chord": "ncs",
                            "description": "l"
                        }
                    ]
                }
            ]
        }
    },
    "CXUincf": {
        "ambiguity": {
            "6": [
                {
                    "spelling": "shinier",
                    "explanation": [
                        {
                            "theory": "",
                            "chord": "C",
                            "description": "sh"
                        },
                        {
                            "theory": "",
                            "chord": "",
                            "description": "drop long vowel"
                        },
                        {
                            "theory": "",
                            "chord": "TPH",
                            "description": "n"
                        },
                        {
                            "theory": "",
                            "chord": "i",
                            "description": "suffix -y"
                        },
                        {
                            "theory": "Harri",
                            "chord": "ncf",
                            "description": "suffix -er"
                        }
                    ]
                }
            ]
        }
    },
    "CXUepcs": {
        "ambiguity": {
            "5": [
                {
                    "spelling": "shinned",
                    "explanation": [
                        {
                            "theory": "",
                            "chord": "C",
                            "description": "sh"
                        },
                        {
                            "theory": "",
                            "chord": "",
                            "description": "drop short vowel"
                        },
                        {
                            "theory": "",
                            "chord": "TPH",
                            "description": "n"
                        },
                        {
                            "theory": "Harri",
                            "chord": "E",
                            "description": "silent e"
                        },
                        {
                            "theory": "",
                            "chord": "pcs",
                            "description": "suffix -ed"
                        }
                    ]
                },
                {
                    "spelling": "shunned",
                    "explanation": [
                        {
                            "theory": "",
                            "chord": "C",
                            "description": "sh"
                        },
                        {
                            "theory": "",
                            "chord": "",
                            "description": "drop short vowel"
                        },
                        {
                            "theory": "",
                            "chord": "TPH",
                            "description": "n"
                        },
                        {
                            "theory": "Harri",
                            "chord": "E",
                            "description": "silent e"
                        },
                        {
                            "theory": "",
                            "chord": "pcs",
                            "description": "suffix -ed"
                        }
                    ]
                }
            ]
        }
    }
}