{
    "Cea/Fepcs": {
        "ambiguity": {
            "4": [
                {
                    "spelling": "sheafed",
                    "explanation": [
                        {
                            "theory": "",
                            "chord": "C",
                            "description": "sh"
                        },
                        {
                            "theory": "",
                            "chord": "ea",
                            "description": "ue vowel spelt ea (first stroke only)"
                        },
                        {
                            "theory": "",
                            "chord": "/",
                            "description": ""
                        },
                        {
                            "theory": "",
                            "chord": "F",
                            "description": "f"
                        },
                        {
                            "theory": "Harri",
                            "chord": "E",
                            "description": "silent e"
                        },
                        {
                            "theory": "",
                            "chord": "pcs",
                            "description": "suffix -ed"
                        }
                    ]
                }
            ]
        }
    },
    "Ceaf": {
        "ambiguity": {
            "1": [
                {
                    "spelling": "sheaf",
                    "explanation": [
                        {
                            "theory": "",
                            "chord": "C",
                            "description": "sh"
                        },
                        {
                            "theory": "",
                            "chord": "ea",
                            "description": "ue vowel spelt ea (first stroke only)"
                        },
                        {
                            "theory": "",
                            "chord": "f",
                            "description": "f"
                        }
                    ]
                }
            ]
        }
    },
    "Cea/FCNepcs": {
        "ambiguity": {
            "4": [
                {
                    "spelling": "sheared",
                    "explanation": [
                        {
                            "theory": "",
                            "chord": "C",
                            "description": "sh"
                        },
                        {
                            "theory": "",
                            "chord": "ea",
                            "description": "ue vowel spelt ea (first stroke only)"
                        },
                        {
                            "theory": "",
                            "chord": "/",
                            "description": ""
                        },
                        {
                            "theory": "",
                            "chord": "FCN",
                            "description": "r"
                        },
                        {
                            "theory": "Harri",
                            "chord": "E",
                            "description": "silent e"
                        },
                        {
                            "theory": "",
                            "chord": "pcs",
                            "description": "suffix -ed"
                        }
                    ]
                }
            ]
        }
    },
    "Ceancf": {
        "ambiguity": {
            "1": [
                {
                    "spelling": "shear",
                    "explanation": [
                        {
                            "theory": "",
                            "chord": "C",
                            "description": "sh"
                        },
                        {
                            "theory": "",
                            "chord": "ea",
                            "description": "ue vowel spelt ea (first stroke only)"
                        },
                        {
                            "theory": "",
                            "chord": "ncf",
                            "description": "r"
                        }
                    ]
                }
            ]
        }
    },
    "Cea/FZepcs": {
        "ambiguity": {
            "4": [
                {
                    "spelling": "sheathed",
                    "explanation": [
                        {
                            "theory": "",
                            "chord": "C",
                            "description": "sh"
                        },
                        {
                            "theory": "",
                            "chord": "ea",
                            "description": "ue vowel spelt ea (first stroke only)"
                        },
                        {
                            "theory": "",
                            "chord": "/",
                            "description": ""
                        },
                        {
                            "theory": "",
                            "chord": "FZ",
                            "description": "th"
                        },
                        {
                            "theory": "Harri",
                            "chord": "E",
                            "description": "silent e"
                        },
                        {
                            "theory": "",
                            "chord": "pcs",
                            "description": "suffix -ed"
                        }
                    ]
                }
            ]
        }
    },
    "Ceazf": {
        "ambiguity": {
            "2": [
                {
                    "spelling": "sheathe",
                    "explanation": [
                        {
                            "theory": "",
                            "chord": "C",
                            "description": "sh"
                        },
                        {
                            "theory": "",
                            "chord": "ea",
                            "description": "ue vowel spelt ea (first stroke only)"
                        },
                        {
                            "theory": "",
                            "chord": "zf",
                            "description": "th"
                        }
                    ]
                },
                {
                    "spelling": "sheath",
                    "explanation": [
                        {
                            "theory": "",
                            "chord": "C",
                            "description": "sh"
                        },
                        {
                            "theory": "",
                            "chord": "ea",
                            "description": "ue vowel spelt ea (first stroke only)"
                        },
                        {
                            "theory": "",
                            "chord": "zf",
                            "description": "th"
                        }
                    ]
                }
            ]
        }
    }
}