{
    "Pazf": {
        "ambiguity": {
            "1": [
                {
                    "spelling": "path",
                    "explanation": [
                        {
                            "theory": "",
                            "chord": "P",
                            "description": "p"
                        },
                        {
                            "theory": "",
                            "chord": "a",
                            "description": "short a"
                        },
                        {
                            "theory": "",
                            "chord": "zf",
                            "description": "th"
                        }
                    ]
                }
            ]
        }
    }
}