{
    "uez": {
        "ambiguity": {
            "2": [
                {
                    "spelling": "ease",
                    "explanation": [
                        {
                            "theory": "",
                            "chord": "ue",
                            "description": "ue vowel"
                        },
                        {
                            "theory": "",
                            "chord": "z",
                            "description": "s voiced"
                        }
                    ]
                }
            ]
        }
    }
}