{
    "iea/FCNepcs": {
        "ambiguity": {
            "4": [
                {
                    "spelling": "oared",
                    "explanation": [
                        {
                            "theory": "",
                            "chord": "iea",
                            "description": "Uu vowel spelt ao"
                        },
                        {
                            "theory": "",
                            "chord": "/",
                            "description": ""
                        },
                        {
                            "theory": "",
                            "chord": "FCN",
                            "description": "r"
                        },
                        {
                            "theory": "Harri",
                            "chord": "E",
                            "description": "silent e"
                        },
                        {
                            "theory": "",
                            "chord": "pcs",
                            "description": "suffix -ed"
                        }
                    ]
                }
            ]
        }
    },
    "ieancf": {
        "ambiguity": {
            "1": [
                {
                    "spelling": "oar",
                    "explanation": [
                        {
                            "theory": "",
                            "chord": "iea",
                            "description": "Uu vowel spelt ao"
                        },
                        {
                            "theory": "",
                            "chord": "ncf",
                            "description": "r"
                        }
                    ]
                }
            ]
        }
    },
    "iea/SCPRIez": {
        "ambiguity": {
            "0": [
                {
                    "spelling": "oodles",
                    "explanation": [
                        {
                            "theory": "",
                            "chord": "iea",
                            "description": "uia vowel spelt oo"
                        },
                        {
                            "theory": "",
                            "chord": "/",
                            "description": ""
                        },
                        {
                            "theory": "",
                            "chord": "SCP",
                            "description": "d"
                        },
                        {
                            "theory": "",
                            "chord": "RI",
                            "description": "l"
                        },
                        {
                            "theory": "Harri",
                            "chord": "E",
                            "description": "silent e"
                        },
                        {
                            "theory": "",
                            "chord": "z",
                            "description": "s voiced"
                        }
                    ]
                }
            ]
        }
    },
    "ieapcs/SCNez": {
        "ambiguity": {
            "0": [
                {
                    "spelling": "oodles",
                    "explanation": [
                        {
                            "theory": "",
                            "chord": "iea",
                            "description": "uia vowel spelt oo"
                        },
                        {
                            "theory": "",
                            "chord": "pcs",
                            "description": "d"
                        },
                        {
                            "theory": "",
                            "chord": "/",
                            "description": ""
                        },
                        {
                            "theory": "",
                            "chord": "SCN",
                            "description": "l"
                        },
                        {
                            "theory": "Harri",
                            "chord": "E",
                            "description": "silent e"
                        },
                        {
                            "theory": "",
                            "chord": "z",
                            "description": "s voiced"
                        }
                    ]
                }
            ]
        }
    },
    "ieacf": {
        "ambiguity": {
            "0": [
                {
                    "spelling": "ooh",
                    "explanation": [
                        {
                            "theory": "",
                            "chord": "iea",
                            "description": "uia vowel spelt oo"
                        },
                        {
                            "theory": "",
                            "chord": "cf",
                            "description": "silent h"
                        }
                    ]
                }
            ]
        }
    },
    "iea/Zepcs": {
        "ambiguity": {
            "3": [
                {
                    "spelling": "oozed",
                    "explanation": [
                        {
                            "theory": "",
                            "chord": "iea",
                            "description": "uia vowel spelt oo"
                        },
                        {
                            "theory": "",
                            "chord": "/",
                            "description": ""
                        },
                        {
                            "theory": "Harri",
                            "chord": "Z",
                            "description": "z"
                        },
                        {
                            "theory": "Harri",
                            "chord": "E",
                            "description": "silent e"
                        },
                        {
                            "theory": "",
                            "chord": "pcs",
                            "description": "suffix -ed"
                        }
                    ]
                }
            ]
        }
    },
    "iea/Zincf": {
        "ambiguity": {
            "3": [
                {
                    "spelling": "oozier",
                    "explanation": [
                        {
                            "theory": "",
                            "chord": "iea",
                            "description": "uia vowel spelt oo"
                        },
                        {
                            "theory": "",
                            "chord": "/",
                            "description": ""
                        },
                        {
                            "theory": "Harri",
                            "chord": "Z",
                            "description": "z"
                        },
                        {
                            "theory": "",
                            "chord": "i",
                            "description": "suffix -y"
                        },
                        {
                            "theory": "Harri",
                            "chord": "ncf",
                            "description": "suffix -er"
                        }
                    ]
                }
            ]
        }
    }
}