{
    "SXa/FRas": {
        "ambiguity": {
            "2": [
                {
                    "spelling": "sassafras",
                    "explanation": [
                        {
                            "theory": "",
                            "chord": "S",
                            "description": "s"
                        },
                        {
                            "theory": "",
                            "chord": "",
                            "description": "drop short vowel"
                        },
                        {
                            "theory": "",
                            "chord": "X",
                            "description": "s"
                        },
                        {
                            "theory": "",
                            "chord": "a",
                            "description": "short a"
                        },
                        {
                            "theory": "",
                            "chord": "/",
                            "description": ""
                        },
                        {
                            "theory": "",
                            "chord": "F",
                            "description": "f"
                        },
                        {
                            "theory": "",
                            "chord": "R",
                            "description": "r"
                        },
                        {
                            "theory": "",
                            "chord": "a",
                            "description": "short a"
                        },
                        {
                            "theory": "",
                            "chord": "s",
                            "description": "unvoiced s"
                        }
                    ]
                }
            ]
        }
    },
    "SXaf/FCNas": {
        "ambiguity": {
            "2": [
                {
                    "spelling": "sassafras",
                    "explanation": [
                        {
                            "theory": "",
                            "chord": "S",
                            "description": "s"
                        },
                        {
                            "theory": "",
                            "chord": "",
                            "description": "drop short vowel"
                        },
                        {
                            "theory": "",
                            "chord": "X",
                            "description": "s"
                        },
                        {
                            "theory": "",
                            "chord": "a",
                            "description": "short a"
                        },
                        {
                            "theory": "",
                            "chord": "f",
                            "description": "f"
                        },
                        {
                            "theory": "",
                            "chord": "/",
                            "description": ""
                        },
                        {
                            "theory": "",
                            "chord": "FCN",
                            "description": "r"
                        },
                        {
                            "theory": "",
                            "chord": "a",
                            "description": "short a"
                        },
                        {
                            "theory": "",
                            "chord": "s",
                            "description": "unvoiced s"
                        }
                    ]
                }
            ]
        }
    },
    "SXapz": {
        "ambiguity": {
            "3": [
                {
                    "spelling": "sausage",
                    "explanation": [
                        {
                            "theory": "",
                            "chord": "S",
                            "description": "s"
                        },
                        {
                            "theory": "",
                            "chord": "",
                            "description": "drop short vowel"
                        },
                        {
                            "theory": "",
                            "chord": "X",
                            "description": "s"
                        },
                        {
                            "theory": "",
                            "chord": "a",
                            "description": "short a"
                        },
                        {
                            "theory": "",
                            "chord": "pz",
                            "description": "g pronounced j"
                        }
                    ]
                }
            ]
        }
    },
    "SXa/SZPe": {
        "ambiguity": {
            "2": [
                {
                    "spelling": "sesame",
                    "explanation": [
                        {
                            "theory": "",
                            "chord": "S",
                            "description": "s"
                        },
                        {
                            "theory": "",
                            "chord": "",
                            "description": "drop short vowel"
                        },
                        {
                            "theory": "",
                            "chord": "X",
                            "description": "s"
                        },
                        {
                            "theory": "",
                            "chord": "a",
                            "description": "short a"
                        },
                        {
                            "theory": "",
                            "chord": "/",
                            "description": ""
                        },
                        {
                            "theory": "",
                            "chord": "SZP",
                            "description": "m"
                        },
                        {
                            "theory": "",
                            "chord": "e",
                            "description": "EU vowel spelt e"
                        }
                    ]
                }
            ]
        }
    },
    "SXancs": {
        "ambiguity": {
            "3": [
                {
                    "spelling": "sisal",
                    "explanation": [
                        {
                            "theory": "",
                            "chord": "S",
                            "description": "s"
                        },
                        {
                            "theory": "",
                            "chord": "",
                            "description": "drop long vowel"
                        },
                        {
                            "theory": "",
                            "chord": "X",
                            "description": "s"
                        },
                        {
                            "theory": "Harri",
                            "chord": "A",
                            "description": "silent a"
                        },
                        {
                            "theory": "",
                            "chord": "ncs",
                            "description": "l"
                        }
                    ]
                }
            ]
        }
    }
}