{
    "Can/SCPRIuencf": {
        "ambiguity": {
            "4": [
                {
                    "spelling": "chandelier",
                    "explanation": [
                        {
                            "theory": "",
                            "chord": "C",
                            "description": "sh sound"
                        },
                        {
                            "theory": "",
                            "chord": "a",
                            "description": "short a"
                        },
                        {
                            "theory": "",
                            "chord": "n",
                            "description": "n"
                        },
                        {
                            "theory": "",
                            "chord": "/",
                            "description": ""
                        },
                        {
                            "theory": "",
                            "chord": "SCP",
                            "description": "d"
                        },
                        {
                            "theory": "",
                            "chord": "",
                            "description": "drop short vowel"
                        },
                        {
                            "theory": "",
                            "chord": "RI",
                            "description": "l"
                        },
                        {
                            "theory": "",
                            "chord": "ue",
                            "description": "ue vowel"
                        },
                        {
                            "theory": "",
                            "chord": "ncf",
                            "description": "r"
                        }
                    ]
                }
            ]
        }
    },
    "Can/SCPe/SCNuencf": {
        "ambiguity": {
            "2": [
                {
                    "spelling": "chandelier",
                    "explanation": [
                        {
                            "theory": "",
                            "chord": "C",
                            "description": "sh sound"
                        },
                        {
                            "theory": "",
                            "chord": "a",
                            "description": "short a"
                        },
                        {
                            "theory": "",
                            "chord": "n",
                            "description": "n"
                        },
                        {
                            "theory": "",
                            "chord": "/",
                            "description": ""
                        },
                        {
                            "theory": "",
                            "chord": "SCP",
                            "description": "d"
                        },
                        {
                            "theory": "",
                            "chord": "e",
                            "description": "e"
                        },
                        {
                            "theory": "",
                            "chord": "/",
                            "description": ""
                        },
                        {
                            "theory": "",
                            "chord": "SCN",
                            "description": "l"
                        },
                        {
                            "theory": "",
                            "chord": "ue",
                            "description": "ue vowel"
                        },
                        {
                            "theory": "",
                            "chord": "ncf",
                            "description": "r"
                        }
                    ]
                }
            ]
        }
    },
    "Can/FPenz": {
        "ambiguity": {
            "3": [
                {
                    "spelling": "chantey",
                    "explanation": [
                        {
                            "theory": "",
                            "chord": "C",
                            "description": "sh sound"
                        },
                        {
                            "theory": "",
                            "chord": "a",
                            "description": "short a"
                        },
                        {
                            "theory": "",
                            "chord": "n",
                            "description": "n"
                        },
                        {
                            "theory": "",
                            "chord": "/",
                            "description": ""
                        },
                        {
                            "theory": "",
                            "chord": "FP",
                            "description": "t"
                        },
                        {
                            "theory": "Harri",
                            "chord": "E",
                            "description": "silent e"
                        },
                        {
                            "theory": "",
                            "chord": "nz",
                            "description": "y pronounced i diphthong"
                        }
                    ]
                }
            ]
        }
    },
    "Cancs": {
        "ambiguity": {
            "0": [
                {
                    "spelling": "shall",
                    "explanation": [
                        {
                            "theory": "",
                            "chord": "C",
                            "description": "sh"
                        },
                        {
                            "theory": "",
                            "chord": "a",
                            "description": "short a"
                        },
                        {
                            "theory": "",
                            "chord": "ncs",
                            "description": "l"
                        }
                    ]
                }
            ]
        }
    },
    "Cans/FCuipcs": {
        "ambiguity": {
            "3": [
                {
                    "spelling": "shanghaied",
                    "explanation": [
                        {
                            "theory": "",
                            "chord": "C",
                            "description": "sh"
                        },
                        {
                            "theory": "",
                            "chord": "a",
                            "description": "short a"
                        },
                        {
                            "theory": "",
                            "chord": "ns",
                            "description": "ng"
                        },
                        {
                            "theory": "",
                            "chord": "/",
                            "description": ""
                        },
                        {
                            "theory": "",
                            "chord": "FC",
                            "description": "h"
                        },
                        {
                            "theory": "",
                            "chord": "ui",
                            "description": "ui vowel"
                        },
                        {
                            "theory": "",
                            "chord": "pcs",
                            "description": "suffix -ed"
                        }
                    ]
                }
            ]
        }
    }
}