{
    "if": {
        "ambiguity": {
            "0": [
                {
                    "spelling": "if",
                    "explanation": [
                        {
                            "theory": "",
                            "chord": "i",
                            "description": "i"
                        },
                        {
                            "theory": "",
                            "chord": "f",
                            "description": "f"
                        }
                    ]
                }
            ]
        }
    }
}