{
    "Pupcf/SCNXui/Zepcs": {
        "ambiguity": {
            "9": [
                {
                    "spelling": "publicised",
                    "explanation": [
                        {
                            "theory": "",
                            "chord": "P",
                            "description": "p"
                        },
                        {
                            "theory": "",
                            "chord": "u",
                            "description": "u"
                        },
                        {
                            "theory": "",
                            "chord": "pcf",
                            "description": "b"
                        },
                        {
                            "theory": "",
                            "chord": "/",
                            "description": ""
                        },
                        {
                            "theory": "",
                            "chord": "SCN",
                            "description": "l"
                        },
                        {
                            "theory": "",
                            "chord": "",
                            "description": "drop short vowel"
                        },
                        {
                            "theory": "",
                            "chord": "X",
                            "description": "c pronounced s"
                        },
                        {
                            "theory": "",
                            "chord": "ui",
                            "description": "suffix ui vowel"
                        },
                        {
                            "theory": "",
                            "chord": "/",
                            "description": ""
                        },
                        {
                            "theory": "",
                            "chord": "Z",
                            "description": "s pronounced z"
                        },
                        {
                            "theory": "Harri",
                            "chord": "E",
                            "description": "silent e"
                        },
                        {
                            "theory": "",
                            "chord": "pcs",
                            "description": "suffix -ed"
                        }
                    ]
                },
                {
                    "spelling": "publicized",
                    "explanation": [
                        {
                            "theory": "",
                            "chord": "P",
                            "description": "p"
                        },
                        {
                            "theory": "",
                            "chord": "u",
                            "description": "u"
                        },
                        {
                            "theory": "",
                            "chord": "pcf",
                            "description": "b"
                        },
                        {
                            "theory": "",
                            "chord": "/",
                            "description": ""
                        },
                        {
                            "theory": "",
                            "chord": "SCN",
                            "description": "l"
                        },
                        {
                            "theory": "",
                            "chord": "",
                            "description": "drop short vowel"
                        },
                        {
                            "theory": "",
                            "chord": "X",
                            "description": "c pronounced s"
                        },
                        {
                            "theory": "",
                            "chord": "ui",
                            "description": "suffix ui vowel"
                        },
                        {
                            "theory": "",
                            "chord": "/",
                            "description": ""
                        },
                        {
                            "theory": "Harri",
                            "chord": "Z",
                            "description": "z"
                        },
                        {
                            "theory": "Harri",
                            "chord": "E",
                            "description": "silent e"
                        },
                        {
                            "theory": "",
                            "chord": "pcs",
                            "description": "suffix -ed"
                        }
                    ]
                }
            ]
        }
    },
    "Pupcf/SCNi/Sui/Zepcs": {
        "ambiguity": {
            "7": [
                {
                    "spelling": "publicised",
                    "explanation": [
                        {
                            "theory": "",
                            "chord": "P",
                            "description": "p"
                        },
                        {
                            "theory": "",
                            "chord": "u",
                            "description": "u"
                        },
                        {
                            "theory": "",
                            "chord": "pcf",
                            "description": "b"
                        },
                        {
                            "theory": "",
                            "chord": "/",
                            "description": ""
                        },
                        {
                            "theory": "",
                            "chord": "SCN",
                            "description": "l"
                        },
                        {
                            "theory": "",
                            "chord": "i",
                            "description": "i"
                        },
                        {
                            "theory": "",
                            "chord": "/",
                            "description": ""
                        },
                        {
                            "theory": "",
                            "chord": "S",
                            "description": "c pronounced s"
                        },
                        {
                            "theory": "",
                            "chord": "ui",
                            "description": "suffix ui vowel"
                        },
                        {
                            "theory": "",
                            "chord": "/",
                            "description": ""
                        },
                        {
                            "theory": "",
                            "chord": "Z",
                            "description": "s pronounced z"
                        },
                        {
                            "theory": "Harri",
                            "chord": "E",
                            "description": "silent e"
                        },
                        {
                            "theory": "",
                            "chord": "pcs",
                            "description": "suffix -ed"
                        }
                    ]
                },
                {
                    "spelling": "publicized",
                    "explanation": [
                        {
                            "theory": "",
                            "chord": "P",
                            "description": "p"
                        },
                        {
                            "theory": "",
                            "chord": "u",
                            "description": "u"
                        },
                        {
                            "theory": "",
                            "chord": "pcf",
                            "description": "b"
                        },
                        {
                            "theory": "",
                            "chord": "/",
                            "description": ""
                        },
                        {
                            "theory": "",
                            "chord": "SCN",
                            "description": "l"
                        },
                        {
                            "theory": "",
                            "chord": "i",
                            "description": "i"
                        },
                        {
                            "theory": "",
                            "chord": "/",
                            "description": ""
                        },
                        {
                            "theory": "",
                            "chord": "S",
                            "description": "c pronounced s"
                        },
                        {
                            "theory": "",
                            "chord": "ui",
                            "description": "suffix ui vowel"
                        },
                        {
                            "theory": "",
                            "chord": "/",
                            "description": ""
                        },
                        {
                            "theory": "Harri",
                            "chord": "Z",
                            "description": "z"
                        },
                        {
                            "theory": "Harri",
                            "chord": "E",
                            "description": "silent e"
                        },
                        {
                            "theory": "",
                            "chord": "pcs",
                            "description": "suffix -ed"
                        }
                    ]
                }
            ]
        }
    },
    "Pupcf/SCNXuiz": {
        "ambiguity": {
            "6": [
                {
                    "spelling": "publicise",
                    "explanation": [
                        {
                            "theory": "",
                            "chord": "P",
                            "description": "p"
                        },
                        {
                            "theory": "",
                            "chord": "u",
                            "description": "u"
                        },
                        {
                            "theory": "",
                            "chord": "pcf",
                            "description": "b"
                        },
                        {
                            "theory": "",
                            "chord": "/",
                            "description": ""
                        },
                        {
                            "theory": "",
                            "chord": "SCN",
                            "description": "l"
                        },
                        {
                            "theory": "",
                            "chord": "",
                            "description": "drop short vowel"
                        },
                        {
                            "theory": "",
                            "chord": "X",
                            "description": "c pronounced s"
                        },
                        {
                            "theory": "",
                            "chord": "ui",
                            "description": "suffix ui vowel"
                        },
                        {
                            "theory": "",
                            "chord": "z",
                            "description": "s voiced"
                        }
                    ]
                }
            ]
        }
    },
    "Pupcf/SCNi/Suiz": {
        "ambiguity": {
            "4": [
                {
                    "spelling": "publicise",
                    "explanation": [
                        {
                            "theory": "",
                            "chord": "P",
                            "description": "p"
                        },
                        {
                            "theory": "",
                            "chord": "u",
                            "description": "u"
                        },
                        {
                            "theory": "",
                            "chord": "pcf",
                            "description": "b"
                        },
                        {
                            "theory": "",
                            "chord": "/",
                            "description": ""
                        },
                        {
                            "theory": "",
                            "chord": "SCN",
                            "description": "l"
                        },
                        {
                            "theory": "",
                            "chord": "i",
                            "description": "i"
                        },
                        {
                            "theory": "",
                            "chord": "/",
                            "description": ""
                        },
                        {
                            "theory": "",
                            "chord": "S",
                            "description": "c pronounced s"
                        },
                        {
                            "theory": "",
                            "chord": "ui",
                            "description": "suffix ui vowel"
                        },
                        {
                            "theory": "",
                            "chord": "z",
                            "description": "s voiced"
                        }
                    ]
                }
            ]
        }
    },
    "Pupcf/SCNi/Cepcs": {
        "ambiguity": {
            "3": [
                {
                    "spelling": "published",
                    "explanation": [
                        {
                            "theory": "",
                            "chord": "P",
                            "description": "p"
                        },
                        {
                            "theory": "",
                            "chord": "u",
                            "description": "u"
                        },
                        {
                            "theory": "",
                            "chord": "pcf",
                            "description": "b"
                        },
                        {
                            "theory": "",
                            "chord": "/",
                            "description": ""
                        },
                        {
                            "theory": "",
                            "chord": "SCN",
                            "description": "l"
                        },
                        {
                            "theory": "",
                            "chord": "i",
                            "description": "i"
                        },
                        {
                            "theory": "",
                            "chord": "/",
                            "description": ""
                        },
                        {
                            "theory": "",
                            "chord": "C",
                            "description": "sh"
                        },
                        {
                            "theory": "Harri",
                            "chord": "E",
                            "description": "silent e"
                        },
                        {
                            "theory": "",
                            "chord": "pcs",
                            "description": "suffix -ed"
                        }
                    ]
                }
            ]
        }
    },
    "Pupcf": {
        "ambiguity": {
            "0": [
                {
                    "spelling": "pub",
                    "explanation": [
                        {
                            "theory": "",
                            "chord": "P",
                            "description": "p"
                        },
                        {
                            "theory": "",
                            "chord": "u",
                            "description": "u"
                        },
                        {
                            "theory": "",
                            "chord": "pcf",
                            "description": "b"
                        }
                    ]
                }
            ]
        }
    },
    "Pupcs/SCNepcs": {
        "ambiguity": {
            "3": [
                {
                    "spelling": "puddled",
                    "explanation": [
                        {
                            "theory": "",
                            "chord": "P",
                            "description": "p"
                        },
                        {
                            "theory": "",
                            "chord": "u",
                            "description": "u"
                        },
                        {
                            "theory": "",
                            "chord": "pcs",
                            "description": "d"
                        },
                        {
                            "theory": "",
                            "chord": "/",
                            "description": ""
                        },
                        {
                            "theory": "",
                            "chord": "SCN",
                            "description": "l"
                        },
                        {
                            "theory": "Harri",
                            "chord": "E",
                            "description": "silent e"
                        },
                        {
                            "theory": "",
                            "chord": "pcs",
                            "description": "suffix -ed"
                        }
                    ]
                }
            ]
        }
    },
    "Pupcs/SCNenz": {
        "ambiguity": {
            "2": [
                {
                    "spelling": "puddley",
                    "explanation": [
                        {
                            "theory": "",
                            "chord": "P",
                            "description": "p"
                        },
                        {
                            "theory": "",
                            "chord": "u",
                            "description": "u"
                        },
                        {
                            "theory": "",
                            "chord": "pcs",
                            "description": "d"
                        },
                        {
                            "theory": "",
                            "chord": "/",
                            "description": ""
                        },
                        {
                            "theory": "",
                            "chord": "SCN",
                            "description": "l"
                        },
                        {
                            "theory": "Harri",
                            "chord": "E",
                            "description": "silent e"
                        },
                        {
                            "theory": "",
                            "chord": "nz",
                            "description": "y pronounced i diphthong"
                        }
                    ]
                }
            ]
        }
    },
    "Pupcs": {
        "ambiguity": {
            "0": [
                {
                    "spelling": "pud",
                    "explanation": [
                        {
                            "theory": "",
                            "chord": "P",
                            "description": "p"
                        },
                        {
                            "theory": "",
                            "chord": "u",
                            "description": "u"
                        },
                        {
                            "theory": "",
                            "chord": "pcs",
                            "description": "d"
                        }
                    ]
                }
            ]
        }
    },
    "Pupzf/Nua/Cias": {
        "ambiguity": {
            "1": [
                {
                    "spelling": "pugnacious",
                    "explanation": [
                        {
                            "theory": "",
                            "chord": "P",
                            "description": "p"
                        },
                        {
                            "theory": "",
                            "chord": "u",
                            "description": "u"
                        },
                        {
                            "theory": "",
                            "chord": "pzf",
                            "description": "g"
                        },
                        {
                            "theory": "",
                            "chord": "/",
                            "description": ""
                        },
                        {
                            "theory": "",
                            "chord": "N",
                            "description": "n"
                        },
                        {
                            "theory": "",
                            "chord": "ua",
                            "description": "ua vowel"
                        },
                        {
                            "theory": "",
                            "chord": "/",
                            "description": ""
                        },
                        {
                            "theory": "",
                            "chord": "C",
                            "description": "sh sound"
                        },
                        {
                            "theory": "Harri",
                            "chord": "ia",
                            "description": "short vowel spelt ou"
                        },
                        {
                            "theory": "",
                            "chord": "s",
                            "description": "unvoiced s"
                        }
                    ]
                }
            ]
        }
    },
    "Pupzf/Nua/Cus": {
        "ambiguity": {
            "2": [
                {
                    "spelling": "pugnacious",
                    "explanation": [
                        {
                            "theory": "",
                            "chord": "P",
                            "description": "p"
                        },
                        {
                            "theory": "",
                            "chord": "u",
                            "description": "u"
                        },
                        {
                            "theory": "",
                            "chord": "pzf",
                            "description": "g"
                        },
                        {
                            "theory": "",
                            "chord": "/",
                            "description": ""
                        },
                        {
                            "theory": "",
                            "chord": "N",
                            "description": "n"
                        },
                        {
                            "theory": "",
                            "chord": "ua",
                            "description": "ua vowel"
                        },
                        {
                            "theory": "",
                            "chord": "/",
                            "description": ""
                        },
                        {
                            "theory": "",
                            "chord": "C",
                            "description": "sh sound"
                        },
                        {
                            "theory": "",
                            "chord": "u",
                            "description": "ou"
                        },
                        {
                            "theory": "",
                            "chord": "s",
                            "description": "unvoiced s"
                        }
                    ]
                }
            ]
        }
    },
    "Pupzf": {
        "ambiguity": {
            "0": [
                {
                    "spelling": "pug",
                    "explanation": [
                        {
                            "theory": "",
                            "chord": "P",
                            "description": "p"
                        },
                        {
                            "theory": "",
                            "chord": "u",
                            "description": "u"
                        },
                        {
                            "theory": "",
                            "chord": "pzf",
                            "description": "g"
                        }
                    ]
                }
            ]
        }
    },
    "Pupzs/SCNepcs": {
        "ambiguity": {
            "3": [
                {
                    "spelling": "pummeled",
                    "explanation": [
                        {
                            "theory": "",
                            "chord": "P",
                            "description": "p"
                        },
                        {
                            "theory": "",
                            "chord": "u",
                            "description": "u"
                        },
                        {
                            "theory": "",
                            "chord": "pzs",
                            "description": "m"
                        },
                        {
                            "theory": "",
                            "chord": "/",
                            "description": ""
                        },
                        {
                            "theory": "",
                            "chord": "SCN",
                            "description": "l"
                        },
                        {
                            "theory": "Harri",
                            "chord": "E",
                            "description": "silent e"
                        },
                        {
                            "theory": "",
                            "chord": "pcs",
                            "description": "suffix -ed"
                        }
                    ]
                },
                {
                    "spelling": "pummelled",
                    "explanation": [
                        {
                            "theory": "",
                            "chord": "P",
                            "description": "p"
                        },
                        {
                            "theory": "",
                            "chord": "u",
                            "description": "u"
                        },
                        {
                            "theory": "",
                            "chord": "pzs",
                            "description": "m"
                        },
                        {
                            "theory": "",
                            "chord": "/",
                            "description": ""
                        },
                        {
                            "theory": "",
                            "chord": "SCN",
                            "description": "l"
                        },
                        {
                            "theory": "Harri",
                            "chord": "E",
                            "description": "silent e"
                        },
                        {
                            "theory": "",
                            "chord": "pcs",
                            "description": "suffix -ed"
                        }
                    ]
                }
            ]
        }
    },
    "Pupzs/Pepcs": {
        "ambiguity": {
            "3": [
                {
                    "spelling": "pumped",
                    "explanation": [
                        {
                            "theory": "",
                            "chord": "P",
                            "description": "p"
                        },
                        {
                            "theory": "",
                            "chord": "u",
                            "description": "u"
                        },
                        {
                            "theory": "",
                            "chord": "pzs",
                            "description": "m"
                        },
                        {
                            "theory": "",
                            "chord": "/",
                            "description": ""
                        },
                        {
                            "theory": "",
                            "chord": "P",
                            "description": "p"
                        },
                        {
                            "theory": "Harri",
                            "chord": "E",
                            "description": "silent e"
                        },
                        {
                            "theory": "",
                            "chord": "pcs",
                            "description": "suffix -ed"
                        }
                    ]
                }
            ]
        }
    },
    "Pupzs/Pencf/NXIUencs": {
        "ambiguity": {
            "3": [
                {
                    "spelling": "pumpernickel",
                    "explanation": [
                        {
                            "theory": "",
                            "chord": "P",
                            "description": "p"
                        },
                        {
                            "theory": "",
                            "chord": "u",
                            "description": "u"
                        },
                        {
                            "theory": "",
                            "chord": "pzs",
                            "description": "m"
                        },
                        {
                            "theory": "",
                            "chord": "/",
                            "description": ""
                        },
                        {
                            "theory": "",
                            "chord": "P",
                            "description": "p"
                        },
                        {
                            "theory": "",
                            "chord": "e",
                            "description": "e"
                        },
                        {
                            "theory": "",
                            "chord": "ncf",
                            "description": "r"
                        },
                        {
                            "theory": "",
                            "chord": "/",
                            "description": ""
                        },
                        {
                            "theory": "",
                            "chord": "N",
                            "description": "n"
                        },
                        {
                            "theory": "",
                            "chord": "",
                            "description": "drop short vowel"
                        },
                        {
                            "theory": "",
                            "chord": "XIU",
                            "description": "ck"
                        },
                        {
                            "theory": "",
                            "chord": "e",
                            "description": "e"
                        },
                        {
                            "theory": "",
                            "chord": "ncs",
                            "description": "l"
                        }
                    ]
                }
            ]
        }
    },
    "Pupzs/Pe/FCNXUi/CPencs": {
        "ambiguity": {
            "1": [
                {
                    "spelling": "pumpernickel",
                    "explanation": [
                        {
                            "theory": "",
                            "chord": "P",
                            "description": "p"
                        },
                        {
                            "theory": "",
                            "chord": "u",
                            "description": "u"
                        },
                        {
                            "theory": "",
                            "chord": "pzs",
                            "description": "m"
                        },
                        {
                            "theory": "",
                            "chord": "/",
                            "description": ""
                        },
                        {
                            "theory": "",
                            "chord": "P",
                            "description": "p"
                        },
                        {
                            "theory": "",
                            "chord": "e",
                            "description": "e"
                        },
                        {
                            "theory": "",
                            "chord": "/",
                            "description": ""
                        },
                        {
                            "theory": "",
                            "chord": "FCN",
                            "description": "r"
                        },
                        {
                            "theory": "",
                            "chord": "TPH",
                            "description": "n"
                        },
                        {
                            "theory": "",
                            "chord": "i",
                            "description": "i"
                        },
                        {
                            "theory": "",
                            "chord": "/",
                            "description": ""
                        },
                        {
                            "theory": "",
                            "chord": "CP",
                            "description": "ck"
                        },
                        {
                            "theory": "",
                            "chord": "e",
                            "description": "e"
                        },
                        {
                            "theory": "",
                            "chord": "ncs",
                            "description": "l"
                        }
                    ]
                }
            ]
        }
    },
    "Pupzs/Pencf/Ni/CPencs": {
        "ambiguity": {
            "1": [
                {
                    "spelling": "pumpernickel",
                    "explanation": [
                        {
                            "theory": "",
                            "chord": "P",
                            "description": "p"
                        },
                        {
                            "theory": "",
                            "chord": "u",
                            "description": "u"
                        },
                        {
                            "theory": "",
                            "chord": "pzs",
                            "description": "m"
                        },
                        {
                            "theory": "",
                            "chord": "/",
                            "description": ""
                        },
                        {
                            "theory": "",
                            "chord": "P",
                            "description": "p"
                        },
                        {
                            "theory": "",
                            "chord": "e",
                            "description": "e"
                        },
                        {
                            "theory": "",
                            "chord": "ncf",
                            "description": "r"
                        },
                        {
                            "theory": "",
                            "chord": "/",
                            "description": ""
                        },
                        {
                            "theory": "",
                            "chord": "N",
                            "description": "n"
                        },
                        {
                            "theory": "",
                            "chord": "i",
                            "description": "i"
                        },
                        {
                            "theory": "",
                            "chord": "/",
                            "description": ""
                        },
                        {
                            "theory": "",
                            "chord": "CP",
                            "description": "ck"
                        },
                        {
                            "theory": "",
                            "chord": "e",
                            "description": "e"
                        },
                        {
                            "theory": "",
                            "chord": "ncs",
                            "description": "l"
                        }
                    ]
                }
            ]
        }
    },
    "Pup": {
        "ambiguity": {
            "0": [
                {
                    "spelling": "pup",
                    "explanation": [
                        {
                            "theory": "",
                            "chord": "P",
                            "description": "p"
                        },
                        {
                            "theory": "",
                            "chord": "u",
                            "description": "u"
                        },
                        {
                            "theory": "",
                            "chord": "p",
                            "description": "p"
                        }
                    ]
                }
            ]
        }
    },
    "Pupf/Napzs": {
        "ambiguity": {
            "0": [
                {
                    "spelling": "putnam",
                    "explanation": [
                        {
                            "theory": "",
                            "chord": "P",
                            "description": "p"
                        },
                        {
                            "theory": "",
                            "chord": "u",
                            "description": "u"
                        },
                        {
                            "theory": "",
                            "chord": "pf",
                            "description": "t"
                        },
                        {
                            "theory": "",
                            "chord": "/",
                            "description": ""
                        },
                        {
                            "theory": "",
                            "chord": "N",
                            "description": "n"
                        },
                        {
                            "theory": "",
                            "chord": "a",
                            "description": "short a"
                        },
                        {
                            "theory": "",
                            "chord": "pzs",
                            "description": "m"
                        }
                    ]
                }
            ]
        }
    },
    "Pupf": {
        "ambiguity": {
            "0": [
                {
                    "spelling": "putt",
                    "explanation": [
                        {
                            "theory": "",
                            "chord": "P",
                            "description": "p"
                        },
                        {
                            "theory": "",
                            "chord": "u",
                            "description": "u"
                        },
                        {
                            "theory": "",
                            "chord": "pf",
                            "description": "t"
                        }
                    ]
                },
                {
                    "spelling": "put",
                    "explanation": [
                        {
                            "theory": "",
                            "chord": "P",
                            "description": "p"
                        },
                        {
                            "theory": "",
                            "chord": "u",
                            "description": "u"
                        },
                        {
                            "theory": "",
                            "chord": "pf",
                            "description": "t"
                        }
                    ]
                }
            ]
        }
    }
}