{
    "CIuipf": {
        "ambiguity": {
            "0": [
                {
                    "spelling": "shiite",
                    "explanation": [
                        {
                            "theory": "",
                            "chord": "C",
                            "description": "sh"
                        },
                        {
                            "theory": "",
                            "chord": "I",
                            "description": "i"
                        },
                        {
                            "theory": "",
                            "chord": "ui",
                            "description": "ui vowel"
                        },
                        {
                            "theory": "",
                            "chord": "pf",
                            "description": "t"
                        }
                    ]
                }
            ]
        }
    }
}