{
    "Sazf": {
        "ambiguity": {
            "4": [
                {
                    "spelling": "saith",
                    "explanation": [
                        {
                            "theory": "",
                            "chord": "S",
                            "description": "s"
                        },
                        {
                            "theory": "",
                            "chord": "a",
                            "description": "short a"
                        },
                        {
                            "theory": "",
                            "chord": "zf",
                            "description": "th"
                        }
                    ]
                }
            ]
        }
    }
}