{
    "Cazs": {
        "ambiguity": {
            "0": [
                {
                    "spelling": "shard",
                    "explanation": [
                        {
                            "theory": "",
                            "chord": "C",
                            "description": "sh"
                        },
                        {
                            "theory": "",
                            "chord": "a",
                            "description": "short a"
                        },
                        {
                            "theory": "",
                            "chord": "zs",
                            "description": "rd"
                        }
                    ]
                }
            ]
        }
    }
}