{
    "Nepcf/CNRIancf": {
        "ambiguity": {
            "2": [
                {
                    "spelling": "nebular",
                    "explanation": [
                        {
                            "theory": "",
                            "chord": "N",
                            "description": "n"
                        },
                        {
                            "theory": "",
                            "chord": "e",
                            "description": "e"
                        },
                        {
                            "theory": "",
                            "chord": "pcf",
                            "description": "b"
                        },
                        {
                            "theory": "",
                            "chord": "/",
                            "description": ""
                        },
                        {
                            "theory": "Harri?",
                            "chord": "CN",
                            "description": "long u"
                        },
                        {
                            "theory": "",
                            "chord": "RI",
                            "description": "l"
                        },
                        {
                            "theory": "",
                            "chord": "a",
                            "description": "short a"
                        },
                        {
                            "theory": "",
                            "chord": "ncf",
                            "description": "suffix -r??"
                        }
                    ]
                }
            ]
        }
    },
    "Nepcf/ZNRIancf": {
        "ambiguity": {
            "7": [
                {
                    "spelling": "nebular",
                    "explanation": [
                        {
                            "theory": "",
                            "chord": "N",
                            "description": "n"
                        },
                        {
                            "theory": "",
                            "chord": "e",
                            "description": "e"
                        },
                        {
                            "theory": "",
                            "chord": "pcf",
                            "description": "b"
                        },
                        {
                            "theory": "",
                            "chord": "/",
                            "description": ""
                        },
                        {
                            "theory": "",
                            "chord": "ZN",
                            "description": "unspelt y"
                        },
                        {
                            "theory": "",
                            "chord": "",
                            "description": "drop long vowel"
                        },
                        {
                            "theory": "",
                            "chord": "RI",
                            "description": "l"
                        },
                        {
                            "theory": "",
                            "chord": "a",
                            "description": "short a"
                        },
                        {
                            "theory": "",
                            "chord": "ncf",
                            "description": "suffix -r??"
                        }
                    ]
                }
            ]
        }
    },
    "Nepcf/ZNuia/SCNancf": {
        "ambiguity": {
            "4": [
                {
                    "spelling": "nebular",
                    "explanation": [
                        {
                            "theory": "",
                            "chord": "N",
                            "description": "n"
                        },
                        {
                            "theory": "",
                            "chord": "e",
                            "description": "e"
                        },
                        {
                            "theory": "",
                            "chord": "pcf",
                            "description": "b"
                        },
                        {
                            "theory": "",
                            "chord": "/",
                            "description": ""
                        },
                        {
                            "theory": "",
                            "chord": "ZN",
                            "description": "unspelt y"
                        },
                        {
                            "theory": "",
                            "chord": "uia",
                            "description": "uia vowel"
                        },
                        {
                            "theory": "",
                            "chord": "/",
                            "description": ""
                        },
                        {
                            "theory": "",
                            "chord": "SCN",
                            "description": "l"
                        },
                        {
                            "theory": "",
                            "chord": "a",
                            "description": "short a"
                        },
                        {
                            "theory": "",
                            "chord": "ncf",
                            "description": "suffix -r??"
                        }
                    ]
                }
            ]
        }
    },
    "Nepcf/CNRIuiz": {
        "ambiguity": {
            "0": [
                {
                    "spelling": "nebulise",
                    "explanation": [
                        {
                            "theory": "",
                            "chord": "N",
                            "description": "n"
                        },
                        {
                            "theory": "",
                            "chord": "e",
                            "description": "e"
                        },
                        {
                            "theory": "",
                            "chord": "pcf",
                            "description": "b"
                        },
                        {
                            "theory": "",
                            "chord": "/",
                            "description": ""
                        },
                        {
                            "theory": "Harri?",
                            "chord": "CN",
                            "description": "long u"
                        },
                        {
                            "theory": "",
                            "chord": "RI",
                            "description": "l"
                        },
                        {
                            "theory": "",
                            "chord": "ui",
                            "description": "ui vowel"
                        },
                        {
                            "theory": "",
                            "chord": "z",
                            "description": "s voiced"
                        }
                    ]
                }
            ]
        }
    },
    "Nepcf/ZNRIuiz": {
        "ambiguity": {
            "5": [
                {
                    "spelling": "nebulise",
                    "explanation": [
                        {
                            "theory": "",
                            "chord": "N",
                            "description": "n"
                        },
                        {
                            "theory": "",
                            "chord": "e",
                            "description": "e"
                        },
                        {
                            "theory": "",
                            "chord": "pcf",
                            "description": "b"
                        },
                        {
                            "theory": "",
                            "chord": "/",
                            "description": ""
                        },
                        {
                            "theory": "",
                            "chord": "ZN",
                            "description": "unspelt y"
                        },
                        {
                            "theory": "",
                            "chord": "",
                            "description": "drop long vowel"
                        },
                        {
                            "theory": "",
                            "chord": "RI",
                            "description": "l"
                        },
                        {
                            "theory": "",
                            "chord": "ui",
                            "description": "ui vowel"
                        },
                        {
                            "theory": "",
                            "chord": "z",
                            "description": "s voiced"
                        }
                    ]
                }
            ]
        }
    },
    "Nepcf/ZNuia/SCNuiz": {
        "ambiguity": {
            "2": [
                {
                    "spelling": "nebulise",
                    "explanation": [
                        {
                            "theory": "",
                            "chord": "N",
                            "description": "n"
                        },
                        {
                            "theory": "",
                            "chord": "e",
                            "description": "e"
                        },
                        {
                            "theory": "",
                            "chord": "pcf",
                            "description": "b"
                        },
                        {
                            "theory": "",
                            "chord": "/",
                            "description": ""
                        },
                        {
                            "theory": "",
                            "chord": "ZN",
                            "description": "unspelt y"
                        },
                        {
                            "theory": "",
                            "chord": "uia",
                            "description": "uia vowel"
                        },
                        {
                            "theory": "",
                            "chord": "/",
                            "description": ""
                        },
                        {
                            "theory": "",
                            "chord": "SCN",
                            "description": "l"
                        },
                        {
                            "theory": "",
                            "chord": "ui",
                            "description": "ui vowel"
                        },
                        {
                            "theory": "",
                            "chord": "z",
                            "description": "s voiced"
                        }
                    ]
                }
            ]
        }
    },
    "Nepcf/CNRIui/Zepcs": {
        "ambiguity": {
            "3": [
                {
                    "spelling": "nebulized",
                    "explanation": [
                        {
                            "theory": "",
                            "chord": "N",
                            "description": "n"
                        },
                        {
                            "theory": "",
                            "chord": "e",
                            "description": "e"
                        },
                        {
                            "theory": "",
                            "chord": "pcf",
                            "description": "b"
                        },
                        {
                            "theory": "",
                            "chord": "/",
                            "description": ""
                        },
                        {
                            "theory": "Harri?",
                            "chord": "CN",
                            "description": "long u"
                        },
                        {
                            "theory": "",
                            "chord": "RI",
                            "description": "l"
                        },
                        {
                            "theory": "",
                            "chord": "ui",
                            "description": "ui vowel"
                        },
                        {
                            "theory": "",
                            "chord": "/",
                            "description": ""
                        },
                        {
                            "theory": "Harri",
                            "chord": "Z",
                            "description": "z"
                        },
                        {
                            "theory": "Harri",
                            "chord": "E",
                            "description": "silent e"
                        },
                        {
                            "theory": "",
                            "chord": "pcs",
                            "description": "suffix -ed"
                        }
                    ]
                }
            ]
        }
    },
    "Nepcf/ZNRIui/Zepcs": {
        "ambiguity": {
            "8": [
                {
                    "spelling": "nebulized",
                    "explanation": [
                        {
                            "theory": "",
                            "chord": "N",
                            "description": "n"
                        },
                        {
                            "theory": "",
                            "chord": "e",
                            "description": "e"
                        },
                        {
                            "theory": "",
                            "chord": "pcf",
                            "description": "b"
                        },
                        {
                            "theory": "",
                            "chord": "/",
                            "description": ""
                        },
                        {
                            "theory": "",
                            "chord": "ZN",
                            "description": "unspelt y"
                        },
                        {
                            "theory": "",
                            "chord": "",
                            "description": "drop long vowel"
                        },
                        {
                            "theory": "",
                            "chord": "RI",
                            "description": "l"
                        },
                        {
                            "theory": "",
                            "chord": "ui",
                            "description": "ui vowel"
                        },
                        {
                            "theory": "",
                            "chord": "/",
                            "description": ""
                        },
                        {
                            "theory": "Harri",
                            "chord": "Z",
                            "description": "z"
                        },
                        {
                            "theory": "Harri",
                            "chord": "E",
                            "description": "silent e"
                        },
                        {
                            "theory": "",
                            "chord": "pcs",
                            "description": "suffix -ed"
                        }
                    ]
                }
            ]
        }
    },
    "Nepcf/ZNuia/SCNui/Zepcs": {
        "ambiguity": {
            "5": [
                {
                    "spelling": "nebulized",
                    "explanation": [
                        {
                            "theory": "",
                            "chord": "N",
                            "description": "n"
                        },
                        {
                            "theory": "",
                            "chord": "e",
                            "description": "e"
                        },
                        {
                            "theory": "",
                            "chord": "pcf",
                            "description": "b"
                        },
                        {
                            "theory": "",
                            "chord": "/",
                            "description": ""
                        },
                        {
                            "theory": "",
                            "chord": "ZN",
                            "description": "unspelt y"
                        },
                        {
                            "theory": "",
                            "chord": "uia",
                            "description": "uia vowel"
                        },
                        {
                            "theory": "",
                            "chord": "/",
                            "description": ""
                        },
                        {
                            "theory": "",
                            "chord": "SCN",
                            "description": "l"
                        },
                        {
                            "theory": "",
                            "chord": "ui",
                            "description": "ui vowel"
                        },
                        {
                            "theory": "",
                            "chord": "/",
                            "description": ""
                        },
                        {
                            "theory": "Harri",
                            "chord": "Z",
                            "description": "z"
                        },
                        {
                            "theory": "Harri",
                            "chord": "E",
                            "description": "silent e"
                        },
                        {
                            "theory": "",
                            "chord": "pcs",
                            "description": "suffix -ed"
                        }
                    ]
                }
            ]
        }
    },
    "Nepcf/CNRIias": {
        "ambiguity": {
            "0": [
                {
                    "spelling": "nebulous",
                    "explanation": [
                        {
                            "theory": "",
                            "chord": "N",
                            "description": "n"
                        },
                        {
                            "theory": "",
                            "chord": "e",
                            "description": "e"
                        },
                        {
                            "theory": "",
                            "chord": "pcf",
                            "description": "b"
                        },
                        {
                            "theory": "",
                            "chord": "/",
                            "description": ""
                        },
                        {
                            "theory": "Harri?",
                            "chord": "CN",
                            "description": "long u"
                        },
                        {
                            "theory": "",
                            "chord": "RI",
                            "description": "l"
                        },
                        {
                            "theory": "Harri",
                            "chord": "ia",
                            "description": "short vowel spelt ou"
                        },
                        {
                            "theory": "",
                            "chord": "s",
                            "description": "unvoiced s"
                        }
                    ]
                }
            ]
        }
    },
    "Nepcf/CNRIus": {
        "ambiguity": {
            "1": [
                {
                    "spelling": "nebulous",
                    "explanation": [
                        {
                            "theory": "",
                            "chord": "N",
                            "description": "n"
                        },
                        {
                            "theory": "",
                            "chord": "e",
                            "description": "e"
                        },
                        {
                            "theory": "",
                            "chord": "pcf",
                            "description": "b"
                        },
                        {
                            "theory": "",
                            "chord": "/",
                            "description": ""
                        },
                        {
                            "theory": "Harri?",
                            "chord": "CN",
                            "description": "long u"
                        },
                        {
                            "theory": "",
                            "chord": "RI",
                            "description": "l"
                        },
                        {
                            "theory": "",
                            "chord": "u",
                            "description": "ou"
                        },
                        {
                            "theory": "",
                            "chord": "s",
                            "description": "unvoiced s"
                        }
                    ]
                }
            ]
        }
    },
    "Nepcf/ZNRIias": {
        "ambiguity": {
            "5": [
                {
                    "spelling": "nebulous",
                    "explanation": [
                        {
                            "theory": "",
                            "chord": "N",
                            "description": "n"
                        },
                        {
                            "theory": "",
                            "chord": "e",
                            "description": "e"
                        },
                        {
                            "theory": "",
                            "chord": "pcf",
                            "description": "b"
                        },
                        {
                            "theory": "",
                            "chord": "/",
                            "description": ""
                        },
                        {
                            "theory": "",
                            "chord": "ZN",
                            "description": "unspelt y"
                        },
                        {
                            "theory": "",
                            "chord": "",
                            "description": "drop long vowel"
                        },
                        {
                            "theory": "",
                            "chord": "RI",
                            "description": "l"
                        },
                        {
                            "theory": "Harri",
                            "chord": "ia",
                            "description": "short vowel spelt ou"
                        },
                        {
                            "theory": "",
                            "chord": "s",
                            "description": "unvoiced s"
                        }
                    ]
                }
            ]
        }
    },
    "Nepcf/ZNRIus": {
        "ambiguity": {
            "6": [
                {
                    "spelling": "nebulous",
                    "explanation": [
                        {
                            "theory": "",
                            "chord": "N",
                            "description": "n"
                        },
                        {
                            "theory": "",
                            "chord": "e",
                            "description": "e"
                        },
                        {
                            "theory": "",
                            "chord": "pcf",
                            "description": "b"
                        },
                        {
                            "theory": "",
                            "chord": "/",
                            "description": ""
                        },
                        {
                            "theory": "",
                            "chord": "ZN",
                            "description": "unspelt y"
                        },
                        {
                            "theory": "",
                            "chord": "",
                            "description": "drop long vowel"
                        },
                        {
                            "theory": "",
                            "chord": "RI",
                            "description": "l"
                        },
                        {
                            "theory": "",
                            "chord": "u",
                            "description": "ou"
                        },
                        {
                            "theory": "",
                            "chord": "s",
                            "description": "unvoiced s"
                        }
                    ]
                }
            ]
        }
    },
    "Nepcf/ZNuia/SCNias": {
        "ambiguity": {
            "2": [
                {
                    "spelling": "nebulous",
                    "explanation": [
                        {
                            "theory": "",
                            "chord": "N",
                            "description": "n"
                        },
                        {
                            "theory": "",
                            "chord": "e",
                            "description": "e"
                        },
                        {
                            "theory": "",
                            "chord": "pcf",
                            "description": "b"
                        },
                        {
                            "theory": "",
                            "chord": "/",
                            "description": ""
                        },
                        {
                            "theory": "",
                            "chord": "ZN",
                            "description": "unspelt y"
                        },
                        {
                            "theory": "",
                            "chord": "uia",
                            "description": "uia vowel"
                        },
                        {
                            "theory": "",
                            "chord": "/",
                            "description": ""
                        },
                        {
                            "theory": "",
                            "chord": "SCN",
                            "description": "l"
                        },
                        {
                            "theory": "Harri",
                            "chord": "ia",
                            "description": "short vowel spelt ou"
                        },
                        {
                            "theory": "",
                            "chord": "s",
                            "description": "unvoiced s"
                        }
                    ]
                }
            ]
        }
    },
    "Nepcf/ZNuia/SCNus": {
        "ambiguity": {
            "3": [
                {
                    "spelling": "nebulous",
                    "explanation": [
                        {
                            "theory": "",
                            "chord": "N",
                            "description": "n"
                        },
                        {
                            "theory": "",
                            "chord": "e",
                            "description": "e"
                        },
                        {
                            "theory": "",
                            "chord": "pcf",
                            "description": "b"
                        },
                        {
                            "theory": "",
                            "chord": "/",
                            "description": ""
                        },
                        {
                            "theory": "",
                            "chord": "ZN",
                            "description": "unspelt y"
                        },
                        {
                            "theory": "",
                            "chord": "uia",
                            "description": "uia vowel"
                        },
                        {
                            "theory": "",
                            "chord": "/",
                            "description": ""
                        },
                        {
                            "theory": "",
                            "chord": "SCN",
                            "description": "l"
                        },
                        {
                            "theory": "",
                            "chord": "u",
                            "description": "ou"
                        },
                        {
                            "theory": "",
                            "chord": "s",
                            "description": "unvoiced s"
                        }
                    ]
                }
            ]
        }
    },
    "Nepc/SCNas": {
        "ambiguity": {
            "1": [
                {
                    "spelling": "necklace",
                    "explanation": [
                        {
                            "theory": "",
                            "chord": "N",
                            "description": "n"
                        },
                        {
                            "theory": "",
                            "chord": "e",
                            "description": "e"
                        },
                        {
                            "theory": "",
                            "chord": "pc",
                            "description": "ck"
                        },
                        {
                            "theory": "",
                            "chord": "/",
                            "description": ""
                        },
                        {
                            "theory": "",
                            "chord": "SCN",
                            "description": "l"
                        },
                        {
                            "theory": "",
                            "chord": "a",
                            "description": "short a"
                        },
                        {
                            "theory": "",
                            "chord": "s",
                            "description": "unvoiced s spelt c"
                        }
                    ]
                }
            ]
        }
    },
    "Nepc/FCNRIie/ZPicf": {
        "ambiguity": {
            "4": [
                {
                    "spelling": "necrologist",
                    "explanation": [
                        {
                            "theory": "",
                            "chord": "N",
                            "description": "n"
                        },
                        {
                            "theory": "",
                            "chord": "e",
                            "description": "e"
                        },
                        {
                            "theory": "",
                            "chord": "pc",
                            "description": "c pronounced k"
                        },
                        {
                            "theory": "",
                            "chord": "/",
                            "description": ""
                        },
                        {
                            "theory": "",
                            "chord": "FCN",
                            "description": "r"
                        },
                        {
                            "theory": "",
                            "chord": "",
                            "description": "drop short vowel"
                        },
                        {
                            "theory": "",
                            "chord": "RI",
                            "description": "l"
                        },
                        {
                            "theory": "",
                            "chord": "ie",
                            "description": "o"
                        },
                        {
                            "theory": "",
                            "chord": "/",
                            "description": ""
                        },
                        {
                            "theory": "",
                            "chord": "ZP",
                            "description": "j sound"
                        },
                        {
                            "theory": "",
                            "chord": "i",
                            "description": "i"
                        },
                        {
                            "theory": "",
                            "chord": "cf",
                            "description": "st!"
                        }
                    ]
                }
            ]
        }
    },
    "Nepc/FCNie/SCNie/ZPicf": {
        "ambiguity": {
            "2": [
                {
                    "spelling": "necrologist",
                    "explanation": [
                        {
                            "theory": "",
                            "chord": "N",
                            "description": "n"
                        },
                        {
                            "theory": "",
                            "chord": "e",
                            "description": "e"
                        },
                        {
                            "theory": "",
                            "chord": "pc",
                            "description": "c pronounced k"
                        },
                        {
                            "theory": "",
                            "chord": "/",
                            "description": ""
                        },
                        {
                            "theory": "",
                            "chord": "FCN",
                            "description": "r"
                        },
                        {
                            "theory": "",
                            "chord": "ie",
                            "description": "o"
                        },
                        {
                            "theory": "",
                            "chord": "/",
                            "description": ""
                        },
                        {
                            "theory": "",
                            "chord": "SCN",
                            "description": "l"
                        },
                        {
                            "theory": "",
                            "chord": "ie",
                            "description": "o"
                        },
                        {
                            "theory": "",
                            "chord": "/",
                            "description": ""
                        },
                        {
                            "theory": "",
                            "chord": "ZP",
                            "description": "j sound"
                        },
                        {
                            "theory": "",
                            "chord": "i",
                            "description": "i"
                        },
                        {
                            "theory": "",
                            "chord": "cf",
                            "description": "st!"
                        }
                    ]
                }
            ]
        }
    },
    "Nepc/FCNRUa/NXencf": {
        "ambiguity": {
            "5": [
                {
                    "spelling": "necromancer",
                    "explanation": [
                        {
                            "theory": "",
                            "chord": "N",
                            "description": "n"
                        },
                        {
                            "theory": "",
                            "chord": "e",
                            "description": "e"
                        },
                        {
                            "theory": "",
                            "chord": "pc",
                            "description": "c pronounced k"
                        },
                        {
                            "theory": "",
                            "chord": "/",
                            "description": ""
                        },
                        {
                            "theory": "",
                            "chord": "FCN",
                            "description": "r"
                        },
                        {
                            "theory": "",
                            "chord": "",
                            "description": "drop long vowel"
                        },
                        {
                            "theory": "",
                            "chord": "RU",
                            "description": "m"
                        },
                        {
                            "theory": "",
                            "chord": "a",
                            "description": "short a"
                        },
                        {
                            "theory": "",
                            "chord": "/",
                            "description": ""
                        },
                        {
                            "theory": "",
                            "chord": "N",
                            "description": "n"
                        },
                        {
                            "theory": "",
                            "chord": "X",
                            "description": "c pronounced s"
                        },
                        {
                            "theory": "",
                            "chord": "e",
                            "description": "e"
                        },
                        {
                            "theory": "",
                            "chord": "ncf",
                            "description": "r"
                        }
                    ]
                }
            ]
        }
    },
    "Nepc/FCNRUan/Sencf": {
        "ambiguity": {
            "5": [
                {
                    "spelling": "necromancer",
                    "explanation": [
                        {
                            "theory": "",
                            "chord": "N",
                            "description": "n"
                        },
                        {
                            "theory": "",
                            "chord": "e",
                            "description": "e"
                        },
                        {
                            "theory": "",
                            "chord": "pc",
                            "description": "c pronounced k"
                        },
                        {
                            "theory": "",
                            "chord": "/",
                            "description": ""
                        },
                        {
                            "theory": "",
                            "chord": "FCN",
                            "description": "r"
                        },
                        {
                            "theory": "",
                            "chord": "",
                            "description": "drop long vowel"
                        },
                        {
                            "theory": "",
                            "chord": "RU",
                            "description": "m"
                        },
                        {
                            "theory": "",
                            "chord": "a",
                            "description": "short a"
                        },
                        {
                            "theory": "",
                            "chord": "n",
                            "description": "n"
                        },
                        {
                            "theory": "",
                            "chord": "/",
                            "description": ""
                        },
                        {
                            "theory": "",
                            "chord": "S",
                            "description": "c pronounced s"
                        },
                        {
                            "theory": "",
                            "chord": "e",
                            "description": "e"
                        },
                        {
                            "theory": "",
                            "chord": "ncf",
                            "description": "r"
                        }
                    ]
                }
            ]
        }
    },
    "Nepc/FCNuie/SZPa/NXencf": {
        "ambiguity": {
            "2": [
                {
                    "spelling": "necromancer",
                    "explanation": [
                        {
                            "theory": "",
                            "chord": "N",
                            "description": "n"
                        },
                        {
                            "theory": "",
                            "chord": "e",
                            "description": "e"
                        },
                        {
                            "theory": "",
                            "chord": "pc",
                            "description": "c pronounced k"
                        },
                        {
                            "theory": "",
                            "chord": "/",
                            "description": ""
                        },
                        {
                            "theory": "",
                            "chord": "FCN",
                            "description": "r"
                        },
                        {
                            "theory": "",
                            "chord": "uie",
                            "description": "uie vowel"
                        },
                        {
                            "theory": "",
                            "chord": "/",
                            "description": ""
                        },
                        {
                            "theory": "",
                            "chord": "SZP",
                            "description": "m"
                        },
                        {
                            "theory": "",
                            "chord": "a",
                            "description": "short a"
                        },
                        {
                            "theory": "",
                            "chord": "/",
                            "description": ""
                        },
                        {
                            "theory": "",
                            "chord": "N",
                            "description": "n"
                        },
                        {
                            "theory": "",
                            "chord": "X",
                            "description": "c pronounced s"
                        },
                        {
                            "theory": "",
                            "chord": "e",
                            "description": "e"
                        },
                        {
                            "theory": "",
                            "chord": "ncf",
                            "description": "r"
                        }
                    ]
                }
            ]
        }
    },
    "Nepc/FCNuie/SZPan/Sencf": {
        "ambiguity": {
            "2": [
                {
                    "spelling": "necromancer",
                    "explanation": [
                        {
                            "theory": "",
                            "chord": "N",
                            "description": "n"
                        },
                        {
                            "theory": "",
                            "chord": "e",
                            "description": "e"
                        },
                        {
                            "theory": "",
                            "chord": "pc",
                            "description": "c pronounced k"
                        },
                        {
                            "theory": "",
                            "chord": "/",
                            "description": ""
                        },
                        {
                            "theory": "",
                            "chord": "FCN",
                            "description": "r"
                        },
                        {
                            "theory": "",
                            "chord": "uie",
                            "description": "uie vowel"
                        },
                        {
                            "theory": "",
                            "chord": "/",
                            "description": ""
                        },
                        {
                            "theory": "",
                            "chord": "SZP",
                            "description": "m"
                        },
                        {
                            "theory": "",
                            "chord": "a",
                            "description": "short a"
                        },
                        {
                            "theory": "",
                            "chord": "n",
                            "description": "n"
                        },
                        {
                            "theory": "",
                            "chord": "/",
                            "description": ""
                        },
                        {
                            "theory": "",
                            "chord": "S",
                            "description": "c pronounced s"
                        },
                        {
                            "theory": "",
                            "chord": "e",
                            "description": "e"
                        },
                        {
                            "theory": "",
                            "chord": "ncf",
                            "description": "r"
                        }
                    ]
                }
            ]
        }
    },
    "Nepc/FCNie/Fuincs": {
        "ambiguity": {
            "3": [
                {
                    "spelling": "necrophile",
                    "explanation": [
                        {
                            "theory": "",
                            "chord": "N",
                            "description": "n"
                        },
                        {
                            "theory": "",
                            "chord": "e",
                            "description": "e"
                        },
                        {
                            "theory": "",
                            "chord": "pc",
                            "description": "c pronounced k"
                        },
                        {
                            "theory": "",
                            "chord": "/",
                            "description": ""
                        },
                        {
                            "theory": "",
                            "chord": "FCN",
                            "description": "r"
                        },
                        {
                            "theory": "",
                            "chord": "ie",
                            "description": "o"
                        },
                        {
                            "theory": "",
                            "chord": "/",
                            "description": ""
                        },
                        {
                            "theory": "",
                            "chord": "F",
                            "description": "ph pronounced f"
                        },
                        {
                            "theory": "",
                            "chord": "ui",
                            "description": "ui vowel"
                        },
                        {
                            "theory": "",
                            "chord": "ncs",
                            "description": "le"
                        }
                    ]
                }
            ]
        }
    },
    "Nepc/FCNIUie/SCNis": {
        "ambiguity": {
            "3": [
                {
                    "spelling": "necropolis",
                    "explanation": [
                        {
                            "theory": "",
                            "chord": "N",
                            "description": "n"
                        },
                        {
                            "theory": "",
                            "chord": "e",
                            "description": "e"
                        },
                        {
                            "theory": "",
                            "chord": "pc",
                            "description": "c pronounced k"
                        },
                        {
                            "theory": "",
                            "chord": "/",
                            "description": ""
                        },
                        {
                            "theory": "",
                            "chord": "FCN",
                            "description": "r"
                        },
                        {
                            "theory": "",
                            "chord": "",
                            "description": "drop short vowel"
                        },
                        {
                            "theory": "",
                            "chord": "IU",
                            "description": "p"
                        },
                        {
                            "theory": "",
                            "chord": "ie",
                            "description": "o"
                        },
                        {
                            "theory": "",
                            "chord": "/",
                            "description": ""
                        },
                        {
                            "theory": "",
                            "chord": "SCN",
                            "description": "l"
                        },
                        {
                            "theory": "",
                            "chord": "i",
                            "description": "i"
                        },
                        {
                            "theory": "",
                            "chord": "s",
                            "description": "unvoiced s"
                        }
                    ]
                }
            ]
        }
    },
    "Nepc/FCNie/PRIis": {
        "ambiguity": {
            "3": [
                {
                    "spelling": "necropolis",
                    "explanation": [
                        {
                            "theory": "",
                            "chord": "N",
                            "description": "n"
                        },
                        {
                            "theory": "",
                            "chord": "e",
                            "description": "e"
                        },
                        {
                            "theory": "",
                            "chord": "pc",
                            "description": "c pronounced k"
                        },
                        {
                            "theory": "",
                            "chord": "/",
                            "description": ""
                        },
                        {
                            "theory": "",
                            "chord": "FCN",
                            "description": "r"
                        },
                        {
                            "theory": "",
                            "chord": "ie",
                            "description": "o"
                        },
                        {
                            "theory": "",
                            "chord": "/",
                            "description": ""
                        },
                        {
                            "theory": "",
                            "chord": "P",
                            "description": "p"
                        },
                        {
                            "theory": "",
                            "chord": "",
                            "description": "drop short vowel"
                        },
                        {
                            "theory": "",
                            "chord": "RI",
                            "description": "l"
                        },
                        {
                            "theory": "",
                            "chord": "i",
                            "description": "i"
                        },
                        {
                            "theory": "",
                            "chord": "s",
                            "description": "unvoiced s"
                        }
                    ]
                }
            ]
        }
    },
    "Nepc/FCNie/Pie/SCNis": {
        "ambiguity": {
            "1": [
                {
                    "spelling": "necropolis",
                    "explanation": [
                        {
                            "theory": "",
                            "chord": "N",
                            "description": "n"
                        },
                        {
                            "theory": "",
                            "chord": "e",
                            "description": "e"
                        },
                        {
                            "theory": "",
                            "chord": "pc",
                            "description": "c pronounced k"
                        },
                        {
                            "theory": "",
                            "chord": "/",
                            "description": ""
                        },
                        {
                            "theory": "",
                            "chord": "FCN",
                            "description": "r"
                        },
                        {
                            "theory": "",
                            "chord": "ie",
                            "description": "o"
                        },
                        {
                            "theory": "",
                            "chord": "/",
                            "description": ""
                        },
                        {
                            "theory": "",
                            "chord": "P",
                            "description": "p"
                        },
                        {
                            "theory": "",
                            "chord": "ie",
                            "description": "o"
                        },
                        {
                            "theory": "",
                            "chord": "/",
                            "description": ""
                        },
                        {
                            "theory": "",
                            "chord": "SCN",
                            "description": "l"
                        },
                        {
                            "theory": "",
                            "chord": "i",
                            "description": "i"
                        },
                        {
                            "theory": "",
                            "chord": "s",
                            "description": "unvoiced s"
                        }
                    ]
                }
            ]
        }
    },
    "Nepc/FCNXuez": {
        "ambiguity": {
            "5": [
                {
                    "spelling": "necroses",
                    "explanation": [
                        {
                            "theory": "",
                            "chord": "N",
                            "description": "n"
                        },
                        {
                            "theory": "",
                            "chord": "e",
                            "description": "e"
                        },
                        {
                            "theory": "",
                            "chord": "pc",
                            "description": "c pronounced k"
                        },
                        {
                            "theory": "",
                            "chord": "/",
                            "description": ""
                        },
                        {
                            "theory": "",
                            "chord": "FCN",
                            "description": "r"
                        },
                        {
                            "theory": "",
                            "chord": "",
                            "description": "drop long vowel"
                        },
                        {
                            "theory": "",
                            "chord": "X",
                            "description": "s"
                        },
                        {
                            "theory": "",
                            "chord": "ue",
                            "description": "ue vowel"
                        },
                        {
                            "theory": "",
                            "chord": "z",
                            "description": "s voiced"
                        }
                    ]
                }
            ]
        }
    },
    "Nepc/FCNuie/Suez": {
        "ambiguity": {
            "2": [
                {
                    "spelling": "necroses",
                    "explanation": [
                        {
                            "theory": "",
                            "chord": "N",
                            "description": "n"
                        },
                        {
                            "theory": "",
                            "chord": "e",
                            "description": "e"
                        },
                        {
                            "theory": "",
                            "chord": "pc",
                            "description": "c pronounced k"
                        },
                        {
                            "theory": "",
                            "chord": "/",
                            "description": ""
                        },
                        {
                            "theory": "",
                            "chord": "FCN",
                            "description": "r"
                        },
                        {
                            "theory": "",
                            "chord": "uie",
                            "description": "uie vowel"
                        },
                        {
                            "theory": "",
                            "chord": "/",
                            "description": ""
                        },
                        {
                            "theory": "",
                            "chord": "S",
                            "description": "s"
                        },
                        {
                            "theory": "",
                            "chord": "ue",
                            "description": "ue vowel"
                        },
                        {
                            "theory": "",
                            "chord": "z",
                            "description": "s voiced"
                        }
                    ]
                }
            ]
        }
    },
    "Nepc/FCNXis": {
        "ambiguity": {
            "4": [
                {
                    "spelling": "necrosis",
                    "explanation": [
                        {
                            "theory": "",
                            "chord": "N",
                            "description": "n"
                        },
                        {
                            "theory": "",
                            "chord": "e",
                            "description": "e"
                        },
                        {
                            "theory": "",
                            "chord": "pc",
                            "description": "c pronounced k"
                        },
                        {
                            "theory": "",
                            "chord": "/",
                            "description": ""
                        },
                        {
                            "theory": "",
                            "chord": "FCN",
                            "description": "r"
                        },
                        {
                            "theory": "",
                            "chord": "",
                            "description": "drop long vowel"
                        },
                        {
                            "theory": "",
                            "chord": "X",
                            "description": "s"
                        },
                        {
                            "theory": "",
                            "chord": "i",
                            "description": "i"
                        },
                        {
                            "theory": "",
                            "chord": "s",
                            "description": "unvoiced s"
                        }
                    ]
                }
            ]
        }
    },
    "Nepc/FCNuie/Sis": {
        "ambiguity": {
            "1": [
                {
                    "spelling": "necrosis",
                    "explanation": [
                        {
                            "theory": "",
                            "chord": "N",
                            "description": "n"
                        },
                        {
                            "theory": "",
                            "chord": "e",
                            "description": "e"
                        },
                        {
                            "theory": "",
                            "chord": "pc",
                            "description": "c pronounced k"
                        },
                        {
                            "theory": "",
                            "chord": "/",
                            "description": ""
                        },
                        {
                            "theory": "",
                            "chord": "FCN",
                            "description": "r"
                        },
                        {
                            "theory": "",
                            "chord": "uie",
                            "description": "uie vowel"
                        },
                        {
                            "theory": "",
                            "chord": "/",
                            "description": ""
                        },
                        {
                            "theory": "",
                            "chord": "S",
                            "description": "s"
                        },
                        {
                            "theory": "",
                            "chord": "i",
                            "description": "i"
                        },
                        {
                            "theory": "",
                            "chord": "s",
                            "description": "unvoiced s"
                        }
                    ]
                }
            ]
        }
    },
    "Nepc/FPRepcs": {
        "ambiguity": {
            "6": [
                {
                    "spelling": "nectared",
                    "explanation": [
                        {
                            "theory": "",
                            "chord": "N",
                            "description": "n"
                        },
                        {
                            "theory": "",
                            "chord": "e",
                            "description": "e"
                        },
                        {
                            "theory": "",
                            "chord": "pc",
                            "description": "c pronounced k"
                        },
                        {
                            "theory": "",
                            "chord": "/",
                            "description": ""
                        },
                        {
                            "theory": "",
                            "chord": "FP",
                            "description": "t"
                        },
                        {
                            "theory": "",
                            "chord": "",
                            "description": "drop short vowel"
                        },
                        {
                            "theory": "",
                            "chord": "R",
                            "description": "r"
                        },
                        {
                            "theory": "Harri",
                            "chord": "E",
                            "description": "silent e"
                        },
                        {
                            "theory": "",
                            "chord": "pcs",
                            "description": "suffix -ed"
                        }
                    ]
                }
            ]
        }
    },
    "Nepc/FPa/FCNepcs": {
        "ambiguity": {
            "4": [
                {
                    "spelling": "nectared",
                    "explanation": [
                        {
                            "theory": "",
                            "chord": "N",
                            "description": "n"
                        },
                        {
                            "theory": "",
                            "chord": "e",
                            "description": "e"
                        },
                        {
                            "theory": "",
                            "chord": "pc",
                            "description": "c pronounced k"
                        },
                        {
                            "theory": "",
                            "chord": "/",
                            "description": ""
                        },
                        {
                            "theory": "",
                            "chord": "FP",
                            "description": "t"
                        },
                        {
                            "theory": "",
                            "chord": "a",
                            "description": "short a"
                        },
                        {
                            "theory": "",
                            "chord": "/",
                            "description": ""
                        },
                        {
                            "theory": "",
                            "chord": "FCN",
                            "description": "r"
                        },
                        {
                            "theory": "Harri",
                            "chord": "E",
                            "description": "silent e"
                        },
                        {
                            "theory": "",
                            "chord": "pcs",
                            "description": "suffix -ed"
                        }
                    ]
                }
            ]
        }
    },
    "Nepc/FPancf": {
        "ambiguity": {
            "1": [
                {
                    "spelling": "nectar",
                    "explanation": [
                        {
                            "theory": "",
                            "chord": "N",
                            "description": "n"
                        },
                        {
                            "theory": "",
                            "chord": "e",
                            "description": "e"
                        },
                        {
                            "theory": "",
                            "chord": "pc",
                            "description": "c pronounced k"
                        },
                        {
                            "theory": "",
                            "chord": "/",
                            "description": ""
                        },
                        {
                            "theory": "",
                            "chord": "FP",
                            "description": "t"
                        },
                        {
                            "theory": "",
                            "chord": "a",
                            "description": "short a"
                        },
                        {
                            "theory": "",
                            "chord": "ncf",
                            "description": "r"
                        }
                    ]
                }
            ]
        }
    },
    "Nepzf/SCNe/CPRIUepcs": {
        "ambiguity": {
            "4": [
                {
                    "spelling": "neglected",
                    "explanation": [
                        {
                            "theory": "",
                            "chord": "N",
                            "description": "n"
                        },
                        {
                            "theory": "",
                            "chord": "e",
                            "description": "e"
                        },
                        {
                            "theory": "",
                            "chord": "pzf",
                            "description": "g"
                        },
                        {
                            "theory": "",
                            "chord": "/",
                            "description": ""
                        },
                        {
                            "theory": "",
                            "chord": "SCN",
                            "description": "l"
                        },
                        {
                            "theory": "",
                            "chord": "e",
                            "description": "e"
                        },
                        {
                            "theory": "",
                            "chord": "/",
                            "description": ""
                        },
                        {
                            "theory": "",
                            "chord": "CP",
                            "description": "c pronounced k"
                        },
                        {
                            "theory": "",
                            "chord": "RIU",
                            "description": "t"
                        },
                        {
                            "theory": "Harri",
                            "chord": "E",
                            "description": "silent e"
                        },
                        {
                            "theory": "",
                            "chord": "pcs",
                            "description": "suffix -ed"
                        }
                    ]
                }
            ]
        }
    },
    "Nepzf/SCNepc/FPepcs": {
        "ambiguity": {
            "4": [
                {
                    "spelling": "neglected",
                    "explanation": [
                        {
                            "theory": "",
                            "chord": "N",
                            "description": "n"
                        },
                        {
                            "theory": "",
                            "chord": "e",
                            "description": "e"
                        },
                        {
                            "theory": "",
                            "chord": "pzf",
                            "description": "g"
                        },
                        {
                            "theory": "",
                            "chord": "/",
                            "description": ""
                        },
                        {
                            "theory": "",
                            "chord": "SCN",
                            "description": "l"
                        },
                        {
                            "theory": "",
                            "chord": "e",
                            "description": "e"
                        },
                        {
                            "theory": "",
                            "chord": "pc",
                            "description": "c pronounced k"
                        },
                        {
                            "theory": "",
                            "chord": "/",
                            "description": ""
                        },
                        {
                            "theory": "",
                            "chord": "FP",
                            "description": "t"
                        },
                        {
                            "theory": "Harri",
                            "chord": "E",
                            "description": "silent e"
                        },
                        {
                            "theory": "",
                            "chord": "pcs",
                            "description": "suffix -ed"
                        }
                    ]
                }
            ]
        }
    },
    "Nepzf/SCNenzs": {
        "ambiguity": {
            "1": [
                {
                    "spelling": "neglection",
                    "explanation": [
                        {
                            "theory": "",
                            "chord": "N",
                            "description": "n"
                        },
                        {
                            "theory": "",
                            "chord": "e",
                            "description": "e"
                        },
                        {
                            "theory": "",
                            "chord": "pzf",
                            "description": "g"
                        },
                        {
                            "theory": "",
                            "chord": "/",
                            "description": ""
                        },
                        {
                            "theory": "",
                            "chord": "SCN",
                            "description": "l"
                        },
                        {
                            "theory": "",
                            "chord": "e",
                            "description": "e"
                        },
                        {
                            "theory": "",
                            "chord": "nzs",
                            "description": "ction"
                        }
                    ]
                }
            ]
        }
    },
    "Nepzf/SCNi/ZPenzf": {
        "ambiguity": {
            "2": [
                {
                    "spelling": "negligent",
                    "explanation": [
                        {
                            "theory": "",
                            "chord": "N",
                            "description": "n"
                        },
                        {
                            "theory": "",
                            "chord": "e",
                            "description": "e"
                        },
                        {
                            "theory": "",
                            "chord": "pzf",
                            "description": "g"
                        },
                        {
                            "theory": "",
                            "chord": "/",
                            "description": ""
                        },
                        {
                            "theory": "",
                            "chord": "SCN",
                            "description": "l"
                        },
                        {
                            "theory": "",
                            "chord": "i",
                            "description": "i"
                        },
                        {
                            "theory": "",
                            "chord": "/",
                            "description": ""
                        },
                        {
                            "theory": "",
                            "chord": "ZP",
                            "description": "j sound"
                        },
                        {
                            "theory": "",
                            "chord": "e",
                            "description": "e"
                        },
                        {
                            "theory": "",
                            "chord": "nzf",
                            "description": "nt"
                        }
                    ]
                }
            ]
        }
    },
    "Nepzf/FCNRIUuiapcs": {
        "ambiguity": {
            "2": [
                {
                    "spelling": "negritude",
                    "explanation": [
                        {
                            "theory": "",
                            "chord": "N",
                            "description": "n"
                        },
                        {
                            "theory": "",
                            "chord": "e",
                            "description": "e"
                        },
                        {
                            "theory": "",
                            "chord": "pzf",
                            "description": "g"
                        },
                        {
                            "theory": "",
                            "chord": "/",
                            "description": ""
                        },
                        {
                            "theory": "",
                            "chord": "FCN",
                            "description": "r"
                        },
                        {
                            "theory": "",
                            "chord": "",
                            "description": "drop short vowel"
                        },
                        {
                            "theory": "",
                            "chord": "RIU",
                            "description": "t but Harri says ch"
                        },
                        {
                            "theory": "",
                            "chord": "uia",
                            "description": "uia vowel"
                        },
                        {
                            "theory": "",
                            "chord": "pcs",
                            "description": "d"
                        }
                    ]
                }
            ]
        }
    },
    "Nepzf/FCNi/FPuiapcs": {
        "ambiguity": {
            "0": [
                {
                    "spelling": "negritude",
                    "explanation": [
                        {
                            "theory": "",
                            "chord": "N",
                            "description": "n"
                        },
                        {
                            "theory": "",
                            "chord": "e",
                            "description": "e"
                        },
                        {
                            "theory": "",
                            "chord": "pzf",
                            "description": "g"
                        },
                        {
                            "theory": "",
                            "chord": "/",
                            "description": ""
                        },
                        {
                            "theory": "",
                            "chord": "FCN",
                            "description": "r"
                        },
                        {
                            "theory": "",
                            "chord": "i",
                            "description": "i"
                        },
                        {
                            "theory": "",
                            "chord": "/",
                            "description": ""
                        },
                        {
                            "theory": "",
                            "chord": "FP",
                            "description": "t but Harri says ch"
                        },
                        {
                            "theory": "",
                            "chord": "uia",
                            "description": "uia vowel"
                        },
                        {
                            "theory": "",
                            "chord": "pcs",
                            "description": "d"
                        }
                    ]
                }
            ]
        }
    },
    "Nep/FPuia/NIupzs": {
        "ambiguity": {
            "0": [
                {
                    "spelling": "neptunium",
                    "explanation": [
                        {
                            "theory": "",
                            "chord": "N",
                            "description": "n"
                        },
                        {
                            "theory": "",
                            "chord": "e",
                            "description": "e"
                        },
                        {
                            "theory": "",
                            "chord": "p",
                            "description": "p"
                        },
                        {
                            "theory": "",
                            "chord": "/",
                            "description": ""
                        },
                        {
                            "theory": "",
                            "chord": "FP",
                            "description": "t but Harri says ch"
                        },
                        {
                            "theory": "",
                            "chord": "uia",
                            "description": "uia vowel"
                        },
                        {
                            "theory": "",
                            "chord": "/",
                            "description": ""
                        },
                        {
                            "theory": "",
                            "chord": "N",
                            "description": "n"
                        },
                        {
                            "theory": "",
                            "chord": "I",
                            "description": "i"
                        },
                        {
                            "theory": "",
                            "chord": "u",
                            "description": "u"
                        },
                        {
                            "theory": "",
                            "chord": "pzs",
                            "description": "m"
                        }
                    ]
                }
            ]
        }
    },
    "Nep/FPuian/ZNupzs": {
        "ambiguity": {
            "0": [
                {
                    "spelling": "neptunium",
                    "explanation": [
                        {
                            "theory": "",
                            "chord": "N",
                            "description": "n"
                        },
                        {
                            "theory": "",
                            "chord": "e",
                            "description": "e"
                        },
                        {
                            "theory": "",
                            "chord": "p",
                            "description": "p"
                        },
                        {
                            "theory": "",
                            "chord": "/",
                            "description": ""
                        },
                        {
                            "theory": "",
                            "chord": "FP",
                            "description": "t but Harri says ch"
                        },
                        {
                            "theory": "",
                            "chord": "uia",
                            "description": "uia vowel"
                        },
                        {
                            "theory": "",
                            "chord": "n",
                            "description": "n"
                        },
                        {
                            "theory": "",
                            "chord": "/",
                            "description": ""
                        },
                        {
                            "theory": "",
                            "chord": "ZN",
                            "description": "i"
                        },
                        {
                            "theory": "",
                            "chord": "u",
                            "description": "u"
                        },
                        {
                            "theory": "",
                            "chord": "pzs",
                            "description": "m"
                        }
                    ]
                }
            ]
        }
    },
    "Nepf": {
        "ambiguity": {
            "0": [
                {
                    "spelling": "net",
                    "explanation": [
                        {
                            "theory": "",
                            "chord": "N",
                            "description": "n"
                        },
                        {
                            "theory": "",
                            "chord": "e",
                            "description": "e"
                        },
                        {
                            "theory": "",
                            "chord": "pf",
                            "description": "t"
                        }
                    ]
                },
                {
                    "spelling": "nett",
                    "explanation": [
                        {
                            "theory": "",
                            "chord": "N",
                            "description": "n"
                        },
                        {
                            "theory": "",
                            "chord": "e",
                            "description": "e"
                        },
                        {
                            "theory": "",
                            "chord": "pf",
                            "description": "t"
                        }
                    ]
                }
            ]
        }
    },
    "Nepf/SCNepcs": {
        "ambiguity": {
            "3": [
                {
                    "spelling": "nettled",
                    "explanation": [
                        {
                            "theory": "",
                            "chord": "N",
                            "description": "n"
                        },
                        {
                            "theory": "",
                            "chord": "e",
                            "description": "e"
                        },
                        {
                            "theory": "",
                            "chord": "pf",
                            "description": "t"
                        },
                        {
                            "theory": "",
                            "chord": "/",
                            "description": ""
                        },
                        {
                            "theory": "",
                            "chord": "SCN",
                            "description": "l"
                        },
                        {
                            "theory": "Harri",
                            "chord": "E",
                            "description": "silent e"
                        },
                        {
                            "theory": "",
                            "chord": "pcs",
                            "description": "suffix -ed"
                        }
                    ]
                }
            ]
        }
    },
    "Nepc/Sus": {
        "ambiguity": {
            "0": [
                {
                    "spelling": "nexus",
                    "explanation": [
                        {
                            "theory": "",
                            "chord": "N",
                            "description": "n"
                        },
                        {
                            "theory": "",
                            "chord": "e",
                            "description": "e"
                        },
                        {
                            "theory": "",
                            "chord": "pc/S",
                            "description": "x (sorry, too lazy for g+z)"
                        },
                        {
                            "theory": "",
                            "chord": "u",
                            "description": "u"
                        },
                        {
                            "theory": "",
                            "chord": "s",
                            "description": "unvoiced s"
                        }
                    ]
                }
            ]
        }
    }
}