{
    "SPi/CPXUuie": {
        "ambiguity": {
            "3": [
                {
                    "spelling": "chicano",
                    "explanation": [
                        {
                            "theory": "",
                            "chord": "SP",
                            "description": "ch"
                        },
                        {
                            "theory": "",
                            "chord": "i",
                            "description": "i"
                        },
                        {
                            "theory": "",
                            "chord": "/",
                            "description": ""
                        },
                        {
                            "theory": "",
                            "chord": "CP",
                            "description": "c pronounced k"
                        },
                        {
                            "theory": "",
                            "chord": "",
                            "description": "drop short vowel"
                        },
                        {
                            "theory": "",
                            "chord": "TPH",
                            "description": "n"
                        },
                        {
                            "theory": "",
                            "chord": "uie",
                            "description": "uie vowel"
                        }
                    ]
                }
            ]
        }
    },
    "SPi/CPa/Nuie": {
        "ambiguity": {
            "1": [
                {
                    "spelling": "chicano",
                    "explanation": [
                        {
                            "theory": "",
                            "chord": "SP",
                            "description": "ch"
                        },
                        {
                            "theory": "",
                            "chord": "i",
                            "description": "i"
                        },
                        {
                            "theory": "",
                            "chord": "/",
                            "description": ""
                        },
                        {
                            "theory": "",
                            "chord": "CP",
                            "description": "c pronounced k"
                        },
                        {
                            "theory": "",
                            "chord": "a",
                            "description": "short a"
                        },
                        {
                            "theory": "",
                            "chord": "/",
                            "description": ""
                        },
                        {
                            "theory": "",
                            "chord": "N",
                            "description": "n"
                        },
                        {
                            "theory": "",
                            "chord": "uie",
                            "description": "uie vowel"
                        }
                    ]
                }
            ]
        }
    },
    "SPi/CPIUinz": {
        "ambiguity": {
            "7": [
                {
                    "spelling": "chickabiddy",
                    "explanation": [
                        {
                            "theory": "",
                            "chord": "SP",
                            "description": "ch"
                        },
                        {
                            "theory": "",
                            "chord": "i",
                            "description": "i"
                        },
                        {
                            "theory": "",
                            "chord": "/",
                            "description": ""
                        },
                        {
                            "theory": "",
                            "chord": "CP",
                            "description": "ck"
                        },
                        {
                            "theory": "",
                            "chord": "",
                            "description": "drop short vowel"
                        },
                        {
                            "theory": "",
                            "chord": "IU",
                            "description": "b"
                        },
                        {
                            "theory": "",
                            "chord": "i",
                            "description": "i"
                        },
                        {
                            "theory": "HelloChap?",
                            "chord": "nz",
                            "description": "dy"
                        }
                    ]
                }
            ]
        }
    },
    "SPi/CPa/FCPinz": {
        "ambiguity": {
            "5": [
                {
                    "spelling": "chickabiddy",
                    "explanation": [
                        {
                            "theory": "",
                            "chord": "SP",
                            "description": "ch"
                        },
                        {
                            "theory": "",
                            "chord": "i",
                            "description": "i"
                        },
                        {
                            "theory": "",
                            "chord": "/",
                            "description": ""
                        },
                        {
                            "theory": "",
                            "chord": "CP",
                            "description": "ck"
                        },
                        {
                            "theory": "",
                            "chord": "a",
                            "description": "short a"
                        },
                        {
                            "theory": "",
                            "chord": "/",
                            "description": ""
                        },
                        {
                            "theory": "",
                            "chord": "FCP",
                            "description": "b"
                        },
                        {
                            "theory": "",
                            "chord": "i",
                            "description": "i"
                        },
                        {
                            "theory": "HelloChap?",
                            "chord": "nz",
                            "description": "dy"
                        }
                    ]
                }
            ]
        }
    },
    "SPi/CPXUepcs": {
        "ambiguity": {
            "6": [
                {
                    "spelling": "chickened",
                    "explanation": [
                        {
                            "theory": "",
                            "chord": "SP",
                            "description": "ch"
                        },
                        {
                            "theory": "",
                            "chord": "i",
                            "description": "i"
                        },
                        {
                            "theory": "",
                            "chord": "/",
                            "description": ""
                        },
                        {
                            "theory": "",
                            "chord": "CP",
                            "description": "ck"
                        },
                        {
                            "theory": "",
                            "chord": "",
                            "description": "drop short vowel"
                        },
                        {
                            "theory": "",
                            "chord": "TPH",
                            "description": "n"
                        },
                        {
                            "theory": "Harri",
                            "chord": "E",
                            "description": "silent e"
                        },
                        {
                            "theory": "",
                            "chord": "pcs",
                            "description": "suffix -ed"
                        }
                    ]
                }
            ]
        }
    },
    "SPi/CPe/Nepcs": {
        "ambiguity": {
            "4": [
                {
                    "spelling": "chickened",
                    "explanation": [
                        {
                            "theory": "",
                            "chord": "SP",
                            "description": "ch"
                        },
                        {
                            "theory": "",
                            "chord": "i",
                            "description": "i"
                        },
                        {
                            "theory": "",
                            "chord": "/",
                            "description": ""
                        },
                        {
                            "theory": "",
                            "chord": "CP",
                            "description": "ck"
                        },
                        {
                            "theory": "",
                            "chord": "e",
                            "description": "e"
                        },
                        {
                            "theory": "",
                            "chord": "/",
                            "description": ""
                        },
                        {
                            "theory": "",
                            "chord": "N",
                            "description": "n"
                        },
                        {
                            "theory": "Harri",
                            "chord": "E",
                            "description": "silent e"
                        },
                        {
                            "theory": "",
                            "chord": "pcs",
                            "description": "suffix -ed"
                        }
                    ]
                }
            ]
        }
    },
    "SPincs/FCPRIua/Nepcs": {
        "ambiguity": {
            "4": [
                {
                    "spelling": "chilblained",
                    "explanation": [
                        {
                            "theory": "",
                            "chord": "SP",
                            "description": "ch"
                        },
                        {
                            "theory": "",
                            "chord": "i",
                            "description": "i"
                        },
                        {
                            "theory": "",
                            "chord": "ncs",
                            "description": "l"
                        },
                        {
                            "theory": "",
                            "chord": "/",
                            "description": ""
                        },
                        {
                            "theory": "",
                            "chord": "FCP",
                            "description": "b"
                        },
                        {
                            "theory": "",
                            "chord": "RI",
                            "description": "l"
                        },
                        {
                            "theory": "",
                            "chord": "ua",
                            "description": "ua vowel"
                        },
                        {
                            "theory": "",
                            "chord": "/",
                            "description": ""
                        },
                        {
                            "theory": "",
                            "chord": "N",
                            "description": "n"
                        },
                        {
                            "theory": "Harri",
                            "chord": "E",
                            "description": "silent e"
                        },
                        {
                            "theory": "",
                            "chord": "pcs",
                            "description": "suffix -ed"
                        }
                    ]
                }
            ]
        }
    },
    "SPi/SCNepcs": {
        "ambiguity": {
            "3": [
                {
                    "spelling": "chilled",
                    "explanation": [
                        {
                            "theory": "",
                            "chord": "SP",
                            "description": "ch"
                        },
                        {
                            "theory": "",
                            "chord": "i",
                            "description": "i"
                        },
                        {
                            "theory": "",
                            "chord": "/",
                            "description": ""
                        },
                        {
                            "theory": "",
                            "chord": "SCN",
                            "description": "l"
                        },
                        {
                            "theory": "Harri",
                            "chord": "E",
                            "description": "silent e"
                        },
                        {
                            "theory": "",
                            "chord": "pcs",
                            "description": "suffix -ed"
                        }
                    ]
                }
            ]
        }
    },
    "SPi/SCNincf": {
        "ambiguity": {
            "3": [
                {
                    "spelling": "chillier",
                    "explanation": [
                        {
                            "theory": "",
                            "chord": "SP",
                            "description": "ch"
                        },
                        {
                            "theory": "",
                            "chord": "i",
                            "description": "i"
                        },
                        {
                            "theory": "",
                            "chord": "/",
                            "description": ""
                        },
                        {
                            "theory": "",
                            "chord": "SCN",
                            "description": "l"
                        },
                        {
                            "theory": "",
                            "chord": "i",
                            "description": "suffix -y"
                        },
                        {
                            "theory": "Harri",
                            "chord": "ncf",
                            "description": "suffix -er"
                        }
                    ]
                }
            ]
        }
    },
    "SPincs": {
        "ambiguity": {
            "0": [
                {
                    "spelling": "chill",
                    "explanation": [
                        {
                            "theory": "",
                            "chord": "SP",
                            "description": "ch"
                        },
                        {
                            "theory": "",
                            "chord": "i",
                            "description": "i"
                        },
                        {
                            "theory": "",
                            "chord": "ncs",
                            "description": "l"
                        }
                    ]
                }
            ]
        }
    },
    "SPi/SZPXUenz": {
        "ambiguity": {
            "2": [
                {
                    "spelling": "chimney",
                    "explanation": [
                        {
                            "theory": "",
                            "chord": "SP",
                            "description": "ch"
                        },
                        {
                            "theory": "",
                            "chord": "i",
                            "description": "i"
                        },
                        {
                            "theory": "",
                            "chord": "/",
                            "description": ""
                        },
                        {
                            "theory": "",
                            "chord": "SZP",
                            "description": "m"
                        },
                        {
                            "theory": "",
                            "chord": "TPH",
                            "description": "n"
                        },
                        {
                            "theory": "Harri",
                            "chord": "E",
                            "description": "silent e"
                        },
                        {
                            "theory": "",
                            "chord": "nz",
                            "description": "y pronounced i diphthong"
                        }
                    ]
                }
            ]
        }
    },
    "SPipzs/Nenz": {
        "ambiguity": {
            "2": [
                {
                    "spelling": "chimney",
                    "explanation": [
                        {
                            "theory": "",
                            "chord": "SP",
                            "description": "ch"
                        },
                        {
                            "theory": "",
                            "chord": "i",
                            "description": "i"
                        },
                        {
                            "theory": "",
                            "chord": "pzs",
                            "description": "m"
                        },
                        {
                            "theory": "",
                            "chord": "/",
                            "description": ""
                        },
                        {
                            "theory": "",
                            "chord": "N",
                            "description": "n"
                        },
                        {
                            "theory": "Harri",
                            "chord": "E",
                            "description": "silent e"
                        },
                        {
                            "theory": "",
                            "chord": "nz",
                            "description": "y pronounced i diphthong"
                        }
                    ]
                }
            ]
        }
    },
    "SPi/SZPIUan/Zue": {
        "ambiguity": {
            "0": [
                {
                    "spelling": "chimpanzee",
                    "explanation": [
                        {
                            "theory": "",
                            "chord": "SP",
                            "description": "ch"
                        },
                        {
                            "theory": "",
                            "chord": "i",
                            "description": "i"
                        },
                        {
                            "theory": "",
                            "chord": "/",
                            "description": ""
                        },
                        {
                            "theory": "",
                            "chord": "SZP",
                            "description": "m"
                        },
                        {
                            "theory": "",
                            "chord": "IU",
                            "description": "p"
                        },
                        {
                            "theory": "",
                            "chord": "a",
                            "description": "short a"
                        },
                        {
                            "theory": "",
                            "chord": "n",
                            "description": "n"
                        },
                        {
                            "theory": "",
                            "chord": "/",
                            "description": ""
                        },
                        {
                            "theory": "Harri",
                            "chord": "Z",
                            "description": "z"
                        },
                        {
                            "theory": "",
                            "chord": "ue",
                            "description": "ue vowel"
                        }
                    ]
                }
            ]
        }
    },
    "SPipzs/Pan/Zue": {
        "ambiguity": {
            "0": [
                {
                    "spelling": "chimpanzee",
                    "explanation": [
                        {
                            "theory": "",
                            "chord": "SP",
                            "description": "ch"
                        },
                        {
                            "theory": "",
                            "chord": "i",
                            "description": "i"
                        },
                        {
                            "theory": "",
                            "chord": "pzs",
                            "description": "m"
                        },
                        {
                            "theory": "",
                            "chord": "/",
                            "description": ""
                        },
                        {
                            "theory": "",
                            "chord": "P",
                            "description": "p"
                        },
                        {
                            "theory": "",
                            "chord": "a",
                            "description": "short a"
                        },
                        {
                            "theory": "",
                            "chord": "n",
                            "description": "n"
                        },
                        {
                            "theory": "",
                            "chord": "/",
                            "description": ""
                        },
                        {
                            "theory": "Harri",
                            "chord": "Z",
                            "description": "z"
                        },
                        {
                            "theory": "",
                            "chord": "ue",
                            "description": "ue vowel"
                        }
                    ]
                }
            ]
        }
    },
    "SPins/CPepcs": {
        "ambiguity": {
            "3": [
                {
                    "spelling": "chinked",
                    "explanation": [
                        {
                            "theory": "",
                            "chord": "SP",
                            "description": "ch"
                        },
                        {
                            "theory": "",
                            "chord": "i",
                            "description": "i"
                        },
                        {
                            "theory": "",
                            "chord": "ns",
                            "description": "ng"
                        },
                        {
                            "theory": "",
                            "chord": "/",
                            "description": ""
                        },
                        {
                            "theory": "",
                            "chord": "CP",
                            "description": "k"
                        },
                        {
                            "theory": "Harri",
                            "chord": "E",
                            "description": "silent e"
                        },
                        {
                            "theory": "",
                            "chord": "pcs",
                            "description": "suffix -ed"
                        }
                    ]
                }
            ]
        }
    },
    "SPi/Nepcs": {
        "ambiguity": {
            "3": [
                {
                    "spelling": "chinned",
                    "explanation": [
                        {
                            "theory": "",
                            "chord": "SP",
                            "description": "ch"
                        },
                        {
                            "theory": "",
                            "chord": "i",
                            "description": "i"
                        },
                        {
                            "theory": "",
                            "chord": "/",
                            "description": ""
                        },
                        {
                            "theory": "",
                            "chord": "N",
                            "description": "n"
                        },
                        {
                            "theory": "Harri",
                            "chord": "E",
                            "description": "silent e"
                        },
                        {
                            "theory": "",
                            "chord": "pcs",
                            "description": "suffix -ed"
                        }
                    ]
                }
            ]
        }
    },
    "SPip": {
        "ambiguity": {
            "0": [
                {
                    "spelling": "chip",
                    "explanation": [
                        {
                            "theory": "",
                            "chord": "SP",
                            "description": "ch"
                        },
                        {
                            "theory": "",
                            "chord": "i",
                            "description": "i"
                        },
                        {
                            "theory": "",
                            "chord": "p",
                            "description": "p"
                        }
                    ]
                }
            ]
        }
    },
    "SPi/Pepcs": {
        "ambiguity": {
            "3": [
                {
                    "spelling": "chipped",
                    "explanation": [
                        {
                            "theory": "",
                            "chord": "SP",
                            "description": "ch"
                        },
                        {
                            "theory": "",
                            "chord": "i",
                            "description": "i"
                        },
                        {
                            "theory": "",
                            "chord": "/",
                            "description": ""
                        },
                        {
                            "theory": "",
                            "chord": "P",
                            "description": "p"
                        },
                        {
                            "theory": "Harri",
                            "chord": "E",
                            "description": "silent e"
                        },
                        {
                            "theory": "",
                            "chord": "pcs",
                            "description": "suffix -ed"
                        }
                    ]
                }
            ]
        }
    },
    "SPi/Pencf": {
        "ambiguity": {
            "0": [
                {
                    "spelling": "chipper",
                    "explanation": [
                        {
                            "theory": "",
                            "chord": "SP",
                            "description": "ch"
                        },
                        {
                            "theory": "",
                            "chord": "i",
                            "description": "i"
                        },
                        {
                            "theory": "",
                            "chord": "/",
                            "description": ""
                        },
                        {
                            "theory": "",
                            "chord": "P",
                            "description": "p"
                        },
                        {
                            "theory": "",
                            "chord": "e",
                            "description": "e"
                        },
                        {
                            "theory": "",
                            "chord": "ncf",
                            "description": "r"
                        }
                    ]
                }
            ]
        }
    },
    "SPi/FCNIUepcs": {
        "ambiguity": {
            "3": [
                {
                    "spelling": "chirped",
                    "explanation": [
                        {
                            "theory": "",
                            "chord": "SP",
                            "description": "ch"
                        },
                        {
                            "theory": "",
                            "chord": "i",
                            "description": "i"
                        },
                        {
                            "theory": "",
                            "chord": "/",
                            "description": ""
                        },
                        {
                            "theory": "",
                            "chord": "FCN",
                            "description": "r"
                        },
                        {
                            "theory": "",
                            "chord": "IU",
                            "description": "p"
                        },
                        {
                            "theory": "Harri",
                            "chord": "E",
                            "description": "silent e"
                        },
                        {
                            "theory": "",
                            "chord": "pcs",
                            "description": "suffix -ed"
                        }
                    ]
                }
            ],
            "5": [
                {
                    "spelling": "chirruped",
                    "explanation": [
                        {
                            "theory": "",
                            "chord": "SP",
                            "description": "ch"
                        },
                        {
                            "theory": "",
                            "chord": "i",
                            "description": "i"
                        },
                        {
                            "theory": "",
                            "chord": "/",
                            "description": ""
                        },
                        {
                            "theory": "",
                            "chord": "FCN",
                            "description": "r"
                        },
                        {
                            "theory": "",
                            "chord": "",
                            "description": "drop short vowel"
                        },
                        {
                            "theory": "",
                            "chord": "IU",
                            "description": "p"
                        },
                        {
                            "theory": "Harri",
                            "chord": "E",
                            "description": "silent e"
                        },
                        {
                            "theory": "",
                            "chord": "pcs",
                            "description": "suffix -ed"
                        }
                    ]
                }
            ]
        }
    },
    "SPincf/Pepcs": {
        "ambiguity": {
            "3": [
                {
                    "spelling": "chirped",
                    "explanation": [
                        {
                            "theory": "",
                            "chord": "SP",
                            "description": "ch"
                        },
                        {
                            "theory": "",
                            "chord": "i",
                            "description": "i"
                        },
                        {
                            "theory": "",
                            "chord": "ncf",
                            "description": "r"
                        },
                        {
                            "theory": "",
                            "chord": "/",
                            "description": ""
                        },
                        {
                            "theory": "",
                            "chord": "P",
                            "description": "p"
                        },
                        {
                            "theory": "Harri",
                            "chord": "E",
                            "description": "silent e"
                        },
                        {
                            "theory": "",
                            "chord": "pcs",
                            "description": "suffix -ed"
                        }
                    ]
                }
            ]
        }
    },
    "SPi/FCNu/Pepcs": {
        "ambiguity": {
            "3": [
                {
                    "spelling": "chirruped",
                    "explanation": [
                        {
                            "theory": "",
                            "chord": "SP",
                            "description": "ch"
                        },
                        {
                            "theory": "",
                            "chord": "i",
                            "description": "i"
                        },
                        {
                            "theory": "",
                            "chord": "/",
                            "description": ""
                        },
                        {
                            "theory": "",
                            "chord": "FCN",
                            "description": "r"
                        },
                        {
                            "theory": "",
                            "chord": "u",
                            "description": "u"
                        },
                        {
                            "theory": "",
                            "chord": "/",
                            "description": ""
                        },
                        {
                            "theory": "",
                            "chord": "P",
                            "description": "p"
                        },
                        {
                            "theory": "Harri",
                            "chord": "E",
                            "description": "silent e"
                        },
                        {
                            "theory": "",
                            "chord": "pcs",
                            "description": "suffix -ed"
                        }
                    ]
                }
            ]
        }
    },
    "SPi/FCNup": {
        "ambiguity": {
            "0": [
                {
                    "spelling": "chirrup",
                    "explanation": [
                        {
                            "theory": "",
                            "chord": "SP",
                            "description": "ch"
                        },
                        {
                            "theory": "",
                            "chord": "i",
                            "description": "i"
                        },
                        {
                            "theory": "",
                            "chord": "/",
                            "description": ""
                        },
                        {
                            "theory": "",
                            "chord": "FCN",
                            "description": "r"
                        },
                        {
                            "theory": "",
                            "chord": "u",
                            "description": "u"
                        },
                        {
                            "theory": "",
                            "chord": "p",
                            "description": "p"
                        }
                    ]
                }
            ]
        }
    },
    "SPiz/SCNepcs": {
        "ambiguity": {
            "3": [
                {
                    "spelling": "chiseled",
                    "explanation": [
                        {
                            "theory": "",
                            "chord": "SP",
                            "description": "ch"
                        },
                        {
                            "theory": "",
                            "chord": "i",
                            "description": "i"
                        },
                        {
                            "theory": "",
                            "chord": "z",
                            "description": "s voiced"
                        },
                        {
                            "theory": "",
                            "chord": "/",
                            "description": ""
                        },
                        {
                            "theory": "",
                            "chord": "SCN",
                            "description": "l"
                        },
                        {
                            "theory": "Harri",
                            "chord": "E",
                            "description": "silent e"
                        },
                        {
                            "theory": "",
                            "chord": "pcs",
                            "description": "suffix -ed"
                        }
                    ]
                },
                {
                    "spelling": "chiselled",
                    "explanation": [
                        {
                            "theory": "",
                            "chord": "SP",
                            "description": "ch"
                        },
                        {
                            "theory": "",
                            "chord": "i",
                            "description": "i"
                        },
                        {
                            "theory": "",
                            "chord": "z",
                            "description": "s voiced"
                        },
                        {
                            "theory": "",
                            "chord": "/",
                            "description": ""
                        },
                        {
                            "theory": "",
                            "chord": "SCN",
                            "description": "l"
                        },
                        {
                            "theory": "Harri",
                            "chord": "E",
                            "description": "silent e"
                        },
                        {
                            "theory": "",
                            "chord": "pcs",
                            "description": "suffix -ed"
                        }
                    ]
                }
            ]
        }
    },
    "SPi/Zencs": {
        "ambiguity": {
            "0": [
                {
                    "spelling": "chisel",
                    "explanation": [
                        {
                            "theory": "",
                            "chord": "SP",
                            "description": "ch"
                        },
                        {
                            "theory": "",
                            "chord": "i",
                            "description": "i"
                        },
                        {
                            "theory": "",
                            "chord": "/",
                            "description": ""
                        },
                        {
                            "theory": "",
                            "chord": "Z",
                            "description": "s pronounced z"
                        },
                        {
                            "theory": "Harri",
                            "chord": "E",
                            "description": "silent e"
                        },
                        {
                            "theory": "",
                            "chord": "ncs",
                            "description": "l"
                        }
                    ]
                }
            ]
        }
    },
    "SPipf": {
        "ambiguity": {
            "0": [
                {
                    "spelling": "chit",
                    "explanation": [
                        {
                            "theory": "",
                            "chord": "SP",
                            "description": "ch"
                        },
                        {
                            "theory": "",
                            "chord": "i",
                            "description": "i"
                        },
                        {
                            "theory": "",
                            "chord": "pf",
                            "description": "t"
                        }
                    ]
                }
            ]
        }
    },
    "SPi/SCipcs": {
        "ambiguity": {
            "3": [
                {
                    "spelling": "chivvied",
                    "explanation": [
                        {
                            "theory": "",
                            "chord": "SP",
                            "description": "ch"
                        },
                        {
                            "theory": "",
                            "chord": "i",
                            "description": "i"
                        },
                        {
                            "theory": "",
                            "chord": "/",
                            "description": ""
                        },
                        {
                            "theory": "",
                            "chord": "SC",
                            "description": "v"
                        },
                        {
                            "theory": "",
                            "chord": "i",
                            "description": "ie pronounced i diphthong"
                        },
                        {
                            "theory": "",
                            "chord": "pcs",
                            "description": "suffix -ed"
                        }
                    ]
                }
            ]
        }
    },
    "SPi/SCIepcs": {
        "ambiguity": {
            "3": [
                {
                    "spelling": "chivvied",
                    "explanation": [
                        {
                            "theory": "",
                            "chord": "SP",
                            "description": "ch"
                        },
                        {
                            "theory": "",
                            "chord": "i",
                            "description": "i"
                        },
                        {
                            "theory": "",
                            "chord": "/",
                            "description": ""
                        },
                        {
                            "theory": "",
                            "chord": "SC",
                            "description": "v"
                        },
                        {
                            "theory": "",
                            "chord": "I",
                            "description": "i"
                        },
                        {
                            "theory": "Harri",
                            "chord": "E",
                            "description": "silent e"
                        },
                        {
                            "theory": "",
                            "chord": "pcs",
                            "description": "suffix -ed"
                        }
                    ]
                }
            ]
        }
    },
    "SPie/SZPIUepcs": {
        "ambiguity": {
            "3": [
                {
                    "spelling": "chomped",
                    "explanation": [
                        {
                            "theory": "",
                            "chord": "SP",
                            "description": "ch"
                        },
                        {
                            "theory": "",
                            "chord": "ie",
                            "description": "o"
                        },
                        {
                            "theory": "",
                            "chord": "/",
                            "description": ""
                        },
                        {
                            "theory": "",
                            "chord": "SZP",
                            "description": "m"
                        },
                        {
                            "theory": "",
                            "chord": "IU",
                            "description": "p"
                        },
                        {
                            "theory": "Harri",
                            "chord": "E",
                            "description": "silent e"
                        },
                        {
                            "theory": "",
                            "chord": "pcs",
                            "description": "suffix -ed"
                        }
                    ]
                }
            ]
        }
    },
    "SPiepzs/Pepcs": {
        "ambiguity": {
            "3": [
                {
                    "spelling": "chomped",
                    "explanation": [
                        {
                            "theory": "",
                            "chord": "SP",
                            "description": "ch"
                        },
                        {
                            "theory": "",
                            "chord": "ie",
                            "description": "o"
                        },
                        {
                            "theory": "",
                            "chord": "pzs",
                            "description": "m"
                        },
                        {
                            "theory": "",
                            "chord": "/",
                            "description": ""
                        },
                        {
                            "theory": "",
                            "chord": "P",
                            "description": "p"
                        },
                        {
                            "theory": "Harri",
                            "chord": "E",
                            "description": "silent e"
                        },
                        {
                            "theory": "",
                            "chord": "pcs",
                            "description": "suffix -ed"
                        }
                    ]
                }
            ]
        }
    },
    "SPieaz": {
        "ambiguity": {
            "0": [
                {
                    "spelling": "choose",
                    "explanation": [
                        {
                            "theory": "",
                            "chord": "SP",
                            "description": "ch"
                        },
                        {
                            "theory": "",
                            "chord": "iea",
                            "description": "uia vowel spelt oo"
                        },
                        {
                            "theory": "",
                            "chord": "z",
                            "description": "s voiced"
                        }
                    ]
                }
            ]
        }
    },
    "SPiea/Zenz": {
        "ambiguity": {
            "2": [
                {
                    "spelling": "choosey",
                    "explanation": [
                        {
                            "theory": "",
                            "chord": "SP",
                            "description": "ch"
                        },
                        {
                            "theory": "",
                            "chord": "iea",
                            "description": "uia vowel spelt oo"
                        },
                        {
                            "theory": "",
                            "chord": "/",
                            "description": ""
                        },
                        {
                            "theory": "",
                            "chord": "Z",
                            "description": "s pronounced z"
                        },
                        {
                            "theory": "Harri",
                            "chord": "E",
                            "description": "silent e"
                        },
                        {
                            "theory": "",
                            "chord": "nz",
                            "description": "y pronounced i diphthong"
                        }
                    ]
                }
            ]
        }
    },
    "SPiea/Zincf": {
        "ambiguity": {
            "3": [
                {
                    "spelling": "choosier",
                    "explanation": [
                        {
                            "theory": "",
                            "chord": "SP",
                            "description": "ch"
                        },
                        {
                            "theory": "",
                            "chord": "iea",
                            "description": "uia vowel spelt oo"
                        },
                        {
                            "theory": "",
                            "chord": "/",
                            "description": ""
                        },
                        {
                            "theory": "",
                            "chord": "Z",
                            "description": "s pronounced z"
                        },
                        {
                            "theory": "",
                            "chord": "i",
                            "description": "suffix -y"
                        },
                        {
                            "theory": "Harri",
                            "chord": "ncf",
                            "description": "suffix -er"
                        }
                    ]
                }
            ]
        }
    },
    "SPiep": {
        "ambiguity": {
            "0": [
                {
                    "spelling": "chop",
                    "explanation": [
                        {
                            "theory": "",
                            "chord": "SP",
                            "description": "ch"
                        },
                        {
                            "theory": "",
                            "chord": "ie",
                            "description": "o"
                        },
                        {
                            "theory": "",
                            "chord": "p",
                            "description": "p"
                        }
                    ]
                }
            ]
        }
    },
    "SPie/Pepcs": {
        "ambiguity": {
            "3": [
                {
                    "spelling": "chopped",
                    "explanation": [
                        {
                            "theory": "",
                            "chord": "SP",
                            "description": "ch"
                        },
                        {
                            "theory": "",
                            "chord": "ie",
                            "description": "o"
                        },
                        {
                            "theory": "",
                            "chord": "/",
                            "description": ""
                        },
                        {
                            "theory": "",
                            "chord": "P",
                            "description": "p"
                        },
                        {
                            "theory": "Harri",
                            "chord": "E",
                            "description": "silent e"
                        },
                        {
                            "theory": "",
                            "chord": "pcs",
                            "description": "suffix -ed"
                        }
                    ]
                }
            ]
        }
    },
    "SPie/Pincf": {
        "ambiguity": {
            "3": [
                {
                    "spelling": "choppier",
                    "explanation": [
                        {
                            "theory": "",
                            "chord": "SP",
                            "description": "ch"
                        },
                        {
                            "theory": "",
                            "chord": "ie",
                            "description": "o"
                        },
                        {
                            "theory": "",
                            "chord": "/",
                            "description": ""
                        },
                        {
                            "theory": "",
                            "chord": "P",
                            "description": "p"
                        },
                        {
                            "theory": "",
                            "chord": "i",
                            "description": "suffix -y"
                        },
                        {
                            "theory": "Harri",
                            "chord": "ncf",
                            "description": "suffix -er"
                        }
                    ]
                }
            ]
        }
    },
    "SPie/PXuianz": {
        "ambiguity": {
            "2": [
                {
                    "spelling": "chopsuey",
                    "explanation": [
                        {
                            "theory": "",
                            "chord": "SP",
                            "description": "ch"
                        },
                        {
                            "theory": "",
                            "chord": "ie",
                            "description": "o"
                        },
                        {
                            "theory": "",
                            "chord": "/",
                            "description": ""
                        },
                        {
                            "theory": "",
                            "chord": "P",
                            "description": "p"
                        },
                        {
                            "theory": "",
                            "chord": "X",
                            "description": "s"
                        },
                        {
                            "theory": "",
                            "chord": "uia",
                            "description": "uia vowel"
                        },
                        {
                            "theory": "",
                            "chord": "nz",
                            "description": "y pronounced i diphthong"
                        }
                    ]
                }
            ]
        }
    },
    "SPiep/Suianz": {
        "ambiguity": {
            "2": [
                {
                    "spelling": "chopsuey",
                    "explanation": [
                        {
                            "theory": "",
                            "chord": "SP",
                            "description": "ch"
                        },
                        {
                            "theory": "",
                            "chord": "ie",
                            "description": "o"
                        },
                        {
                            "theory": "",
                            "chord": "p",
                            "description": "p"
                        },
                        {
                            "theory": "",
                            "chord": "/",
                            "description": ""
                        },
                        {
                            "theory": "",
                            "chord": "S",
                            "description": "s"
                        },
                        {
                            "theory": "",
                            "chord": "uia",
                            "description": "uia vowel"
                        },
                        {
                            "theory": "",
                            "chord": "nz",
                            "description": "y pronounced i diphthong"
                        }
                    ]
                }
            ]
        }
    },
    "SPiencf": {
        "ambiguity": {
            "1": [
                {
                    "spelling": "chore",
                    "explanation": [
                        {
                            "theory": "",
                            "chord": "SP",
                            "description": "ch"
                        },
                        {
                            "theory": "",
                            "chord": "ie",
                            "description": "Uu vowel spelt o"
                        },
                        {
                            "theory": "",
                            "chord": "ncf",
                            "description": "r"
                        }
                    ]
                }
            ]
        }
    },
    "SPiencf/FPRIepcs": {
        "ambiguity": {
            "4": [
                {
                    "spelling": "chortled",
                    "explanation": [
                        {
                            "theory": "",
                            "chord": "SP",
                            "description": "ch"
                        },
                        {
                            "theory": "",
                            "chord": "ie",
                            "description": "Uu vowel spelt o"
                        },
                        {
                            "theory": "",
                            "chord": "ncf",
                            "description": "r"
                        },
                        {
                            "theory": "",
                            "chord": "/",
                            "description": ""
                        },
                        {
                            "theory": "",
                            "chord": "FP",
                            "description": "t"
                        },
                        {
                            "theory": "",
                            "chord": "RI",
                            "description": "l"
                        },
                        {
                            "theory": "Harri",
                            "chord": "E",
                            "description": "silent e"
                        },
                        {
                            "theory": "",
                            "chord": "pcs",
                            "description": "suffix -ed"
                        }
                    ]
                }
            ]
        }
    },
    "SPia/SCPencf": {
        "ambiguity": {
            "0": [
                {
                    "spelling": "chowder",
                    "explanation": [
                        {
                            "theory": "",
                            "chord": "SP",
                            "description": "ch"
                        },
                        {
                            "theory": "",
                            "chord": "ia",
                            "description": "ia vowel"
                        },
                        {
                            "theory": "",
                            "chord": "/",
                            "description": ""
                        },
                        {
                            "theory": "",
                            "chord": "SCP",
                            "description": "d"
                        },
                        {
                            "theory": "",
                            "chord": "e",
                            "description": "e"
                        },
                        {
                            "theory": "",
                            "chord": "ncf",
                            "description": "r"
                        }
                    ]
                }
            ]
        }
    }
}