{
    "Fas/FPepcs": {
        "ambiguity": {
            "3": [
                {
                    "spelling": "fasted",
                    "explanation": [
                        {
                            "theory": "",
                            "chord": "F",
                            "description": "f"
                        },
                        {
                            "theory": "",
                            "chord": "a",
                            "description": "short a"
                        },
                        {
                            "theory": "",
                            "chord": "s",
                            "description": "unvoiced s"
                        },
                        {
                            "theory": "",
                            "chord": "/",
                            "description": ""
                        },
                        {
                            "theory": "",
                            "chord": "FP",
                            "description": "t"
                        },
                        {
                            "theory": "Harri",
                            "chord": "E",
                            "description": "silent e"
                        },
                        {
                            "theory": "",
                            "chord": "pcs",
                            "description": "suffix -ed"
                        }
                    ]
                }
            ]
        }
    },
    "Fas/FPi/SCPIias": {
        "ambiguity": {
            "0": [
                {
                    "spelling": "fastidious",
                    "explanation": [
                        {
                            "theory": "",
                            "chord": "F",
                            "description": "f"
                        },
                        {
                            "theory": "",
                            "chord": "a",
                            "description": "short a"
                        },
                        {
                            "theory": "",
                            "chord": "s",
                            "description": "unvoiced s"
                        },
                        {
                            "theory": "",
                            "chord": "/",
                            "description": ""
                        },
                        {
                            "theory": "",
                            "chord": "FP",
                            "description": "t"
                        },
                        {
                            "theory": "",
                            "chord": "i",
                            "description": "i"
                        },
                        {
                            "theory": "",
                            "chord": "/",
                            "description": ""
                        },
                        {
                            "theory": "",
                            "chord": "SCP",
                            "description": "d"
                        },
                        {
                            "theory": "",
                            "chord": "I",
                            "description": "i"
                        },
                        {
                            "theory": "Harri",
                            "chord": "ia",
                            "description": "short vowel spelt ou"
                        },
                        {
                            "theory": "",
                            "chord": "s",
                            "description": "unvoiced s"
                        }
                    ]
                }
            ]
        }
    },
    "Fas/FPipcs/ZNias": {
        "ambiguity": {
            "0": [
                {
                    "spelling": "fastidious",
                    "explanation": [
                        {
                            "theory": "",
                            "chord": "F",
                            "description": "f"
                        },
                        {
                            "theory": "",
                            "chord": "a",
                            "description": "short a"
                        },
                        {
                            "theory": "",
                            "chord": "s",
                            "description": "unvoiced s"
                        },
                        {
                            "theory": "",
                            "chord": "/",
                            "description": ""
                        },
                        {
                            "theory": "",
                            "chord": "FP",
                            "description": "t"
                        },
                        {
                            "theory": "",
                            "chord": "i",
                            "description": "i"
                        },
                        {
                            "theory": "",
                            "chord": "pcs",
                            "description": "d"
                        },
                        {
                            "theory": "",
                            "chord": "/",
                            "description": ""
                        },
                        {
                            "theory": "",
                            "chord": "ZN",
                            "description": "i"
                        },
                        {
                            "theory": "Harri",
                            "chord": "ia",
                            "description": "short vowel spelt ou"
                        },
                        {
                            "theory": "",
                            "chord": "s",
                            "description": "unvoiced s"
                        }
                    ]
                }
            ]
        }
    },
    "Fas/FPi/SCPIus": {
        "ambiguity": {
            "1": [
                {
                    "spelling": "fastidious",
                    "explanation": [
                        {
                            "theory": "",
                            "chord": "F",
                            "description": "f"
                        },
                        {
                            "theory": "",
                            "chord": "a",
                            "description": "short a"
                        },
                        {
                            "theory": "",
                            "chord": "s",
                            "description": "unvoiced s"
                        },
                        {
                            "theory": "",
                            "chord": "/",
                            "description": ""
                        },
                        {
                            "theory": "",
                            "chord": "FP",
                            "description": "t"
                        },
                        {
                            "theory": "",
                            "chord": "i",
                            "description": "i"
                        },
                        {
                            "theory": "",
                            "chord": "/",
                            "description": ""
                        },
                        {
                            "theory": "",
                            "chord": "SCP",
                            "description": "d"
                        },
                        {
                            "theory": "",
                            "chord": "I",
                            "description": "i"
                        },
                        {
                            "theory": "",
                            "chord": "u",
                            "description": "ou"
                        },
                        {
                            "theory": "",
                            "chord": "s",
                            "description": "unvoiced s"
                        }
                    ]
                }
            ]
        }
    },
    "Fas/FPipcs/ZNus": {
        "ambiguity": {
            "1": [
                {
                    "spelling": "fastidious",
                    "explanation": [
                        {
                            "theory": "",
                            "chord": "F",
                            "description": "f"
                        },
                        {
                            "theory": "",
                            "chord": "a",
                            "description": "short a"
                        },
                        {
                            "theory": "",
                            "chord": "s",
                            "description": "unvoiced s"
                        },
                        {
                            "theory": "",
                            "chord": "/",
                            "description": ""
                        },
                        {
                            "theory": "",
                            "chord": "FP",
                            "description": "t"
                        },
                        {
                            "theory": "",
                            "chord": "i",
                            "description": "i"
                        },
                        {
                            "theory": "",
                            "chord": "pcs",
                            "description": "d"
                        },
                        {
                            "theory": "",
                            "chord": "/",
                            "description": ""
                        },
                        {
                            "theory": "",
                            "chord": "ZN",
                            "description": "i"
                        },
                        {
                            "theory": "",
                            "chord": "u",
                            "description": "ou"
                        },
                        {
                            "theory": "",
                            "chord": "s",
                            "description": "unvoiced s"
                        }
                    ]
                }
            ]
        }
    }
}