{
    "Cencs": {
        "ambiguity": {
            "0": [
                {
                    "spelling": "shell",
                    "explanation": [
                        {
                            "theory": "",
                            "chord": "C",
                            "description": "sh"
                        },
                        {
                            "theory": "",
                            "chord": "e",
                            "description": "e"
                        },
                        {
                            "theory": "",
                            "chord": "ncs",
                            "description": "l"
                        }
                    ]
                }
            ]
        }
    },
    "Cencs/FPRepcs": {
        "ambiguity": {
            "5": [
                {
                    "spelling": "sheltered",
                    "explanation": [
                        {
                            "theory": "",
                            "chord": "C",
                            "description": "sh"
                        },
                        {
                            "theory": "",
                            "chord": "e",
                            "description": "e"
                        },
                        {
                            "theory": "",
                            "chord": "ncs",
                            "description": "l"
                        },
                        {
                            "theory": "",
                            "chord": "/",
                            "description": ""
                        },
                        {
                            "theory": "",
                            "chord": "FP",
                            "description": "t"
                        },
                        {
                            "theory": "",
                            "chord": "",
                            "description": "drop short vowel"
                        },
                        {
                            "theory": "",
                            "chord": "R",
                            "description": "r"
                        },
                        {
                            "theory": "Harri",
                            "chord": "E",
                            "description": "silent e"
                        },
                        {
                            "theory": "",
                            "chord": "pcs",
                            "description": "suffix -ed"
                        }
                    ]
                }
            ]
        }
    },
    "Cencs/FPe/FCNepcs": {
        "ambiguity": {
            "3": [
                {
                    "spelling": "sheltered",
                    "explanation": [
                        {
                            "theory": "",
                            "chord": "C",
                            "description": "sh"
                        },
                        {
                            "theory": "",
                            "chord": "e",
                            "description": "e"
                        },
                        {
                            "theory": "",
                            "chord": "ncs",
                            "description": "l"
                        },
                        {
                            "theory": "",
                            "chord": "/",
                            "description": ""
                        },
                        {
                            "theory": "",
                            "chord": "FP",
                            "description": "t"
                        },
                        {
                            "theory": "",
                            "chord": "e",
                            "description": "e"
                        },
                        {
                            "theory": "",
                            "chord": "/",
                            "description": ""
                        },
                        {
                            "theory": "",
                            "chord": "FCN",
                            "description": "r"
                        },
                        {
                            "theory": "Harri",
                            "chord": "E",
                            "description": "silent e"
                        },
                        {
                            "theory": "",
                            "chord": "pcs",
                            "description": "suffix -ed"
                        }
                    ]
                }
            ]
        }
    },
    "Cencs/FPencf": {
        "ambiguity": {
            "0": [
                {
                    "spelling": "shelter",
                    "explanation": [
                        {
                            "theory": "",
                            "chord": "C",
                            "description": "sh"
                        },
                        {
                            "theory": "",
                            "chord": "e",
                            "description": "e"
                        },
                        {
                            "theory": "",
                            "chord": "ncs",
                            "description": "l"
                        },
                        {
                            "theory": "",
                            "chord": "/",
                            "description": ""
                        },
                        {
                            "theory": "",
                            "chord": "FP",
                            "description": "t"
                        },
                        {
                            "theory": "",
                            "chord": "e",
                            "description": "e"
                        },
                        {
                            "theory": "",
                            "chord": "ncf",
                            "description": "r"
                        }
                    ]
                }
            ]
        }
    },
    "Cencs/SCepcs": {
        "ambiguity": {
            "3": [
                {
                    "spelling": "shelved",
                    "explanation": [
                        {
                            "theory": "",
                            "chord": "C",
                            "description": "sh"
                        },
                        {
                            "theory": "",
                            "chord": "e",
                            "description": "e"
                        },
                        {
                            "theory": "",
                            "chord": "ncs",
                            "description": "l"
                        },
                        {
                            "theory": "",
                            "chord": "/",
                            "description": ""
                        },
                        {
                            "theory": "",
                            "chord": "SC",
                            "description": "v"
                        },
                        {
                            "theory": "Harri",
                            "chord": "E",
                            "description": "silent e"
                        },
                        {
                            "theory": "",
                            "chord": "pcs",
                            "description": "suffix -ed"
                        }
                    ]
                }
            ]
        }
    },
    "Cencf/FCPepf": {
        "ambiguity": {
            "0": [
                {
                    "spelling": "sherbet",
                    "explanation": [
                        {
                            "theory": "",
                            "chord": "C",
                            "description": "sh"
                        },
                        {
                            "theory": "",
                            "chord": "e",
                            "description": "e"
                        },
                        {
                            "theory": "",
                            "chord": "ncf",
                            "description": "r"
                        },
                        {
                            "theory": "",
                            "chord": "/",
                            "description": ""
                        },
                        {
                            "theory": "",
                            "chord": "FCP",
                            "description": "b"
                        },
                        {
                            "theory": "",
                            "chord": "e",
                            "description": "e"
                        },
                        {
                            "theory": "",
                            "chord": "pf",
                            "description": "t"
                        }
                    ]
                }
            ]
        }
    }
}