{
    "#ez/SZPienf": {
        "ambiguity": {
            "0": [
                {
                    "spelling": "Esmond",
                    "explanation": [
                        {
                            "theory": "Lapwing",
                            "chord": "#",
                            "description": "Proper noun"
                        },
                        {
                            "theory": "",
                            "chord": "e",
                            "description": "e"
                        },
                        {
                            "theory": "",
                            "chord": "z",
                            "description": "s voiced"
                        },
                        {
                            "theory": "",
                            "chord": "/",
                            "description": ""
                        },
                        {
                            "theory": "",
                            "chord": "SZP",
                            "description": "m"
                        },
                        {
                            "theory": "",
                            "chord": "ie",
                            "description": "o"
                        },
                        {
                            "theory": "",
                            "chord": "nd",
                            "description": "nd"
                        }
                    ]
                }
            ]
        }
    }
}