{
    "Cincs/SCPepcs": {
        "ambiguity": {
            "6": [
                {
                    "spelling": "shielded",
                    "explanation": [
                        {
                            "theory": "",
                            "chord": "C",
                            "description": "sh"
                        },
                        {
                            "theory": "",
                            "chord": "i",
                            "description": "ue vowel spelt i"
                        },
                        {
                            "theory": "",
                            "chord": "ncs",
                            "description": "el"
                        },
                        {
                            "theory": "",
                            "chord": "/",
                            "description": ""
                        },
                        {
                            "theory": "",
                            "chord": "SCP",
                            "description": "d"
                        },
                        {
                            "theory": "Harri",
                            "chord": "E",
                            "description": "silent e"
                        },
                        {
                            "theory": "",
                            "chord": "pcs",
                            "description": "suffix -ed"
                        }
                    ]
                }
            ]
        }
    },
    "Cins/FZPRIepcs": {
        "ambiguity": {
            "3": [
                {
                    "spelling": "shingled",
                    "explanation": [
                        {
                            "theory": "",
                            "chord": "C",
                            "description": "sh"
                        },
                        {
                            "theory": "",
                            "chord": "i",
                            "description": "i"
                        },
                        {
                            "theory": "",
                            "chord": "ns",
                            "description": "ng"
                        },
                        {
                            "theory": "",
                            "chord": "/",
                            "description": ""
                        },
                        {
                            "theory": "",
                            "chord": "TKPW",
                            "description": "g"
                        },
                        {
                            "theory": "",
                            "chord": "RI",
                            "description": "l"
                        },
                        {
                            "theory": "Harri",
                            "chord": "E",
                            "description": "silent e"
                        },
                        {
                            "theory": "",
                            "chord": "pcs",
                            "description": "suffix -ed"
                        }
                    ]
                }
            ]
        }
    },
    "Cins/SCNepcs": {
        "ambiguity": {
            "4": [
                {
                    "spelling": "shingled",
                    "explanation": [
                        {
                            "theory": "",
                            "chord": "C",
                            "description": "sh"
                        },
                        {
                            "theory": "",
                            "chord": "i",
                            "description": "i"
                        },
                        {
                            "theory": "",
                            "chord": "ns",
                            "description": "ng with g"
                        },
                        {
                            "theory": "",
                            "chord": "/",
                            "description": ""
                        },
                        {
                            "theory": "",
                            "chord": "SCN",
                            "description": "l"
                        },
                        {
                            "theory": "Harri",
                            "chord": "E",
                            "description": "silent e"
                        },
                        {
                            "theory": "",
                            "chord": "pcs",
                            "description": "suffix -ed"
                        }
                    ]
                }
            ]
        }
    },
    "Cincf/CPepcs": {
        "ambiguity": {
            "3": [
                {
                    "spelling": "shirked",
                    "explanation": [
                        {
                            "theory": "",
                            "chord": "C",
                            "description": "sh"
                        },
                        {
                            "theory": "",
                            "chord": "i",
                            "description": "i"
                        },
                        {
                            "theory": "",
                            "chord": "ncf",
                            "description": "r"
                        },
                        {
                            "theory": "",
                            "chord": "/",
                            "description": ""
                        },
                        {
                            "theory": "",
                            "chord": "CP",
                            "description": "k"
                        },
                        {
                            "theory": "Harri",
                            "chord": "E",
                            "description": "silent e"
                        },
                        {
                            "theory": "",
                            "chord": "pcs",
                            "description": "suffix -ed"
                        }
                    ]
                }
            ]
        }
    },
    "Cincf/FPepcs": {
        "ambiguity": {
            "3": [
                {
                    "spelling": "shirted",
                    "explanation": [
                        {
                            "theory": "",
                            "chord": "C",
                            "description": "sh"
                        },
                        {
                            "theory": "",
                            "chord": "i",
                            "description": "i"
                        },
                        {
                            "theory": "",
                            "chord": "ncf",
                            "description": "r"
                        },
                        {
                            "theory": "",
                            "chord": "/",
                            "description": ""
                        },
                        {
                            "theory": "",
                            "chord": "FP",
                            "description": "t"
                        },
                        {
                            "theory": "Harri",
                            "chord": "E",
                            "description": "silent e"
                        },
                        {
                            "theory": "",
                            "chord": "pcs",
                            "description": "suffix -ed"
                        }
                    ]
                }
            ]
        }
    }
}