{
    "Zins/CPepcs": {
        "ambiguity": {
            "4": [
                {
                    "spelling": "zinced",
                    "explanation": [
                        {
                            "theory": "Harri",
                            "chord": "Z",
                            "description": "z"
                        },
                        {
                            "theory": "",
                            "chord": "i",
                            "description": "i"
                        },
                        {
                            "theory": "",
                            "chord": "ns",
                            "description": "ng"
                        },
                        {
                            "theory": "",
                            "chord": "/",
                            "description": ""
                        },
                        {
                            "theory": "",
                            "chord": "CP",
                            "description": "c pronounced k"
                        },
                        {
                            "theory": "Harri",
                            "chord": "E",
                            "description": "silent e"
                        },
                        {
                            "theory": "",
                            "chord": "pcs",
                            "description": "suffix -ed"
                        }
                    ]
                }
            ]
        }
    },
    "Zincf/CPuie/NIupzs": {
        "ambiguity": {
            "1": [
                {
                    "spelling": "zirconium",
                    "explanation": [
                        {
                            "theory": "Harri",
                            "chord": "Z",
                            "description": "z"
                        },
                        {
                            "theory": "",
                            "chord": "i",
                            "description": "i"
                        },
                        {
                            "theory": "",
                            "chord": "ncf",
                            "description": "r"
                        },
                        {
                            "theory": "",
                            "chord": "/",
                            "description": ""
                        },
                        {
                            "theory": "",
                            "chord": "CP",
                            "description": "c pronounced k"
                        },
                        {
                            "theory": "",
                            "chord": "uie",
                            "description": "uie vowel"
                        },
                        {
                            "theory": "",
                            "chord": "/",
                            "description": ""
                        },
                        {
                            "theory": "",
                            "chord": "N",
                            "description": "n"
                        },
                        {
                            "theory": "",
                            "chord": "I",
                            "description": "i"
                        },
                        {
                            "theory": "",
                            "chord": "u",
                            "description": "u"
                        },
                        {
                            "theory": "",
                            "chord": "pzs",
                            "description": "m"
                        }
                    ]
                }
            ]
        }
    },
    "Zincf/CPuien/ZNupzs": {
        "ambiguity": {
            "1": [
                {
                    "spelling": "zirconium",
                    "explanation": [
                        {
                            "theory": "Harri",
                            "chord": "Z",
                            "description": "z"
                        },
                        {
                            "theory": "",
                            "chord": "i",
                            "description": "i"
                        },
                        {
                            "theory": "",
                            "chord": "ncf",
                            "description": "r"
                        },
                        {
                            "theory": "",
                            "chord": "/",
                            "description": ""
                        },
                        {
                            "theory": "",
                            "chord": "CP",
                            "description": "c pronounced k"
                        },
                        {
                            "theory": "",
                            "chord": "uie",
                            "description": "uie vowel"
                        },
                        {
                            "theory": "",
                            "chord": "n",
                            "description": "n"
                        },
                        {
                            "theory": "",
                            "chord": "/",
                            "description": ""
                        },
                        {
                            "theory": "",
                            "chord": "ZN",
                            "description": "i"
                        },
                        {
                            "theory": "",
                            "chord": "u",
                            "description": "u"
                        },
                        {
                            "theory": "",
                            "chord": "pzs",
                            "description": "m"
                        }
                    ]
                }
            ]
        }
    }
}