{
    "iancf": {
        "ambiguity": {
            "1": [
                {
                    "spelling": "our",
                    "explanation": [
                        {
                            "theory": "",
                            "chord": "ia",
                            "description": "ia vowel"
                        },
                        {
                            "theory": "",
                            "chord": "ncf",
                            "description": "r"
                        }
                    ]
                }
            ]
        }
    },
    "iancs": {
        "ambiguity": {
            "0": [
                {
                    "spelling": "owl",
                    "explanation": [
                        {
                            "theory": "",
                            "chord": "ia",
                            "description": "ia vowel"
                        },
                        {
                            "theory": "",
                            "chord": "ncs",
                            "description": "l"
                        }
                    ]
                }
            ]
        }
    }
}