{
    "FIi/SCNepcs": {
        "ambiguity": {
            "3": [
                {
                    "spelling": "foiled",
                    "explanation": [
                        {
                            "theory": "",
                            "chord": "F",
                            "description": "f"
                        },
                        {
                            "theory": "",
                            "chord": "Ii",
                            "description": "Ii vowel"
                        },
                        {
                            "theory": "",
                            "chord": "/",
                            "description": ""
                        },
                        {
                            "theory": "",
                            "chord": "SCN",
                            "description": "l"
                        },
                        {
                            "theory": "Harri",
                            "chord": "E",
                            "description": "silent e"
                        },
                        {
                            "theory": "",
                            "chord": "pcs",
                            "description": "suffix -ed"
                        }
                    ]
                }
            ]
        }
    },
    "FIincs": {
        "ambiguity": {
            "0": [
                {
                    "spelling": "foil",
                    "explanation": [
                        {
                            "theory": "",
                            "chord": "F",
                            "description": "f"
                        },
                        {
                            "theory": "",
                            "chord": "Ii",
                            "description": "Ii vowel"
                        },
                        {
                            "theory": "",
                            "chord": "ncs",
                            "description": "l"
                        }
                    ]
                }
            ]
        }
    },
    "FIi/SRIUepcs": {
        "ambiguity": {
            "3": [
                {
                    "spelling": "foisted",
                    "explanation": [
                        {
                            "theory": "",
                            "chord": "F",
                            "description": "f"
                        },
                        {
                            "theory": "",
                            "chord": "Ii",
                            "description": "Ii vowel"
                        },
                        {
                            "theory": "",
                            "chord": "/",
                            "description": ""
                        },
                        {
                            "theory": "",
                            "chord": "S",
                            "description": "s"
                        },
                        {
                            "theory": "",
                            "chord": "RIU",
                            "description": "t"
                        },
                        {
                            "theory": "Harri",
                            "chord": "E",
                            "description": "silent e"
                        },
                        {
                            "theory": "",
                            "chord": "pcs",
                            "description": "suffix -ed"
                        }
                    ]
                }
            ]
        }
    },
    "FIis/FPepcs": {
        "ambiguity": {
            "3": [
                {
                    "spelling": "foisted",
                    "explanation": [
                        {
                            "theory": "",
                            "chord": "F",
                            "description": "f"
                        },
                        {
                            "theory": "",
                            "chord": "Ii",
                            "description": "Ii vowel"
                        },
                        {
                            "theory": "",
                            "chord": "s",
                            "description": "unvoiced s"
                        },
                        {
                            "theory": "",
                            "chord": "/",
                            "description": ""
                        },
                        {
                            "theory": "",
                            "chord": "FP",
                            "description": "t"
                        },
                        {
                            "theory": "Harri",
                            "chord": "E",
                            "description": "silent e"
                        },
                        {
                            "theory": "",
                            "chord": "pcs",
                            "description": "suffix -ed"
                        }
                    ]
                }
            ]
        }
    },
    "FIicf": {
        "ambiguity": {
            "0": [
                {
                    "spelling": "foist",
                    "explanation": [
                        {
                            "theory": "",
                            "chord": "F",
                            "description": "f"
                        },
                        {
                            "theory": "",
                            "chord": "Ii",
                            "description": "Ii vowel"
                        },
                        {
                            "theory": "",
                            "chord": "cf",
                            "description": "st!"
                        }
                    ]
                }
            ]
        }
    }
}