{
    "ZNacf": {
        "ambiguity": {
            "0": [
                {
                    "spelling": "yah",
                    "explanation": [
                        {
                            "theory": "",
                            "chord": "ZN",
                            "description": "y"
                        },
                        {
                            "theory": "",
                            "chord": "a",
                            "description": "short a"
                        },
                        {
                            "theory": "",
                            "chord": "cf",
                            "description": "silent h"
                        }
                    ]
                }
            ]
        }
    },
    "ZNa/CPepcs": {
        "ambiguity": {
            "3": [
                {
                    "spelling": "yakked",
                    "explanation": [
                        {
                            "theory": "",
                            "chord": "ZN",
                            "description": "y"
                        },
                        {
                            "theory": "",
                            "chord": "a",
                            "description": "short a"
                        },
                        {
                            "theory": "",
                            "chord": "/",
                            "description": ""
                        },
                        {
                            "theory": "",
                            "chord": "CP",
                            "description": "k"
                        },
                        {
                            "theory": "Harri",
                            "chord": "E",
                            "description": "silent e"
                        },
                        {
                            "theory": "",
                            "chord": "pcs",
                            "description": "suffix -ed"
                        }
                    ]
                }
            ]
        }
    },
    "ZNa/SZPRepcs": {
        "ambiguity": {
            "5": [
                {
                    "spelling": "yammered",
                    "explanation": [
                        {
                            "theory": "",
                            "chord": "ZN",
                            "description": "y"
                        },
                        {
                            "theory": "",
                            "chord": "a",
                            "description": "short a"
                        },
                        {
                            "theory": "",
                            "chord": "/",
                            "description": ""
                        },
                        {
                            "theory": "",
                            "chord": "SZP",
                            "description": "m"
                        },
                        {
                            "theory": "",
                            "chord": "",
                            "description": "drop short vowel"
                        },
                        {
                            "theory": "",
                            "chord": "R",
                            "description": "r"
                        },
                        {
                            "theory": "Harri",
                            "chord": "E",
                            "description": "silent e"
                        },
                        {
                            "theory": "",
                            "chord": "pcs",
                            "description": "suffix -ed"
                        }
                    ]
                }
            ]
        }
    },
    "ZNa/SZPe/FCNepcs": {
        "ambiguity": {
            "3": [
                {
                    "spelling": "yammered",
                    "explanation": [
                        {
                            "theory": "",
                            "chord": "ZN",
                            "description": "y"
                        },
                        {
                            "theory": "",
                            "chord": "a",
                            "description": "short a"
                        },
                        {
                            "theory": "",
                            "chord": "/",
                            "description": ""
                        },
                        {
                            "theory": "",
                            "chord": "SZP",
                            "description": "m"
                        },
                        {
                            "theory": "",
                            "chord": "e",
                            "description": "e"
                        },
                        {
                            "theory": "",
                            "chord": "/",
                            "description": ""
                        },
                        {
                            "theory": "",
                            "chord": "FCN",
                            "description": "r"
                        },
                        {
                            "theory": "Harri",
                            "chord": "E",
                            "description": "silent e"
                        },
                        {
                            "theory": "",
                            "chord": "pcs",
                            "description": "suffix -ed"
                        }
                    ]
                }
            ]
        }
    },
    "ZNa/SZPencf": {
        "ambiguity": {
            "0": [
                {
                    "spelling": "yammer",
                    "explanation": [
                        {
                            "theory": "",
                            "chord": "ZN",
                            "description": "y"
                        },
                        {
                            "theory": "",
                            "chord": "a",
                            "description": "short a"
                        },
                        {
                            "theory": "",
                            "chord": "/",
                            "description": ""
                        },
                        {
                            "theory": "",
                            "chord": "SZP",
                            "description": "m"
                        },
                        {
                            "theory": "",
                            "chord": "e",
                            "description": "e"
                        },
                        {
                            "theory": "",
                            "chord": "ncf",
                            "description": "r"
                        }
                    ]
                }
            ]
        }
    },
    "ZNapzs": {
        "ambiguity": {
            "0": [
                {
                    "spelling": "yam",
                    "explanation": [
                        {
                            "theory": "",
                            "chord": "ZN",
                            "description": "y"
                        },
                        {
                            "theory": "",
                            "chord": "a",
                            "description": "short a"
                        },
                        {
                            "theory": "",
                            "chord": "pzs",
                            "description": "m"
                        }
                    ]
                }
            ]
        }
    },
    "ZNans": {
        "ambiguity": {
            "0": [
                {
                    "spelling": "yang",
                    "explanation": [
                        {
                            "theory": "",
                            "chord": "ZN",
                            "description": "y"
                        },
                        {
                            "theory": "",
                            "chord": "a",
                            "description": "short a"
                        },
                        {
                            "theory": "",
                            "chord": "ns",
                            "description": "ng"
                        }
                    ]
                }
            ]
        }
    },
    "ZNans/CPepcs": {
        "ambiguity": {
            "3": [
                {
                    "spelling": "yanked",
                    "explanation": [
                        {
                            "theory": "",
                            "chord": "ZN",
                            "description": "y"
                        },
                        {
                            "theory": "",
                            "chord": "a",
                            "description": "short a"
                        },
                        {
                            "theory": "",
                            "chord": "ns",
                            "description": "ng"
                        },
                        {
                            "theory": "",
                            "chord": "/",
                            "description": ""
                        },
                        {
                            "theory": "",
                            "chord": "CP",
                            "description": "k"
                        },
                        {
                            "theory": "Harri",
                            "chord": "E",
                            "description": "silent e"
                        },
                        {
                            "theory": "",
                            "chord": "pcs",
                            "description": "suffix -ed"
                        }
                    ]
                }
            ]
        }
    },
    "ZNa/Pepcs": {
        "ambiguity": {
            "3": [
                {
                    "spelling": "yapped",
                    "explanation": [
                        {
                            "theory": "",
                            "chord": "ZN",
                            "description": "y"
                        },
                        {
                            "theory": "",
                            "chord": "a",
                            "description": "short a"
                        },
                        {
                            "theory": "",
                            "chord": "/",
                            "description": ""
                        },
                        {
                            "theory": "",
                            "chord": "P",
                            "description": "p"
                        },
                        {
                            "theory": "Harri",
                            "chord": "E",
                            "description": "silent e"
                        },
                        {
                            "theory": "",
                            "chord": "pcs",
                            "description": "suffix -ed"
                        }
                    ]
                }
            ]
        }
    },
    "ZNap": {
        "ambiguity": {
            "0": [
                {
                    "spelling": "yap",
                    "explanation": [
                        {
                            "theory": "",
                            "chord": "ZN",
                            "description": "y"
                        },
                        {
                            "theory": "",
                            "chord": "a",
                            "description": "short a"
                        },
                        {
                            "theory": "",
                            "chord": "p",
                            "description": "p"
                        }
                    ]
                }
            ]
        }
    },
    "ZNazs": {
        "ambiguity": {
            "0": [
                {
                    "spelling": "yard",
                    "explanation": [
                        {
                            "theory": "",
                            "chord": "ZN",
                            "description": "y"
                        },
                        {
                            "theory": "",
                            "chord": "a",
                            "description": "short a"
                        },
                        {
                            "theory": "",
                            "chord": "zs",
                            "description": "rd"
                        }
                    ]
                }
            ]
        }
    },
    "ZNa/FCNuie": {
        "ambiguity": {
            "0": [
                {
                    "spelling": "yarrow",
                    "explanation": [
                        {
                            "theory": "",
                            "chord": "ZN",
                            "description": "y"
                        },
                        {
                            "theory": "",
                            "chord": "a",
                            "description": "short a"
                        },
                        {
                            "theory": "",
                            "chord": "/",
                            "description": ""
                        },
                        {
                            "theory": "",
                            "chord": "FCN",
                            "description": "r"
                        },
                        {
                            "theory": "",
                            "chord": "uie",
                            "description": "uie vowel spelt ow"
                        }
                    ]
                }
            ]
        }
    }
}