{
    "#Fi/SCPencs": {
        "ambiguity": {
            "0": [
                {
                    "spelling": "Fidel",
                    "explanation": [
                        {
                            "theory": "Lapwing",
                            "chord": "#",
                            "description": "Proper noun"
                        },
                        {
                            "theory": "",
                            "chord": "F",
                            "description": "f"
                        },
                        {
                            "theory": "",
                            "chord": "i",
                            "description": "i"
                        },
                        {
                            "theory": "",
                            "chord": "/",
                            "description": ""
                        },
                        {
                            "theory": "",
                            "chord": "SCP",
                            "description": "d"
                        },
                        {
                            "theory": "",
                            "chord": "e",
                            "description": "e"
                        },
                        {
                            "theory": "",
                            "chord": "ncs",
                            "description": "l"
                        }
                    ]
                }
            ]
        }
    },
    "#Fi/FZPRuie": {
        "ambiguity": {
            "2": [
                {
                    "spelling": "Figaro",
                    "explanation": [
                        {
                            "theory": "Lapwing",
                            "chord": "#",
                            "description": "Proper noun"
                        },
                        {
                            "theory": "",
                            "chord": "F",
                            "description": "f"
                        },
                        {
                            "theory": "",
                            "chord": "i",
                            "description": "i"
                        },
                        {
                            "theory": "",
                            "chord": "/",
                            "description": ""
                        },
                        {
                            "theory": "",
                            "chord": "TKPW",
                            "description": "g"
                        },
                        {
                            "theory": "",
                            "chord": "",
                            "description": "drop short vowel"
                        },
                        {
                            "theory": "",
                            "chord": "R",
                            "description": "r"
                        },
                        {
                            "theory": "",
                            "chord": "uie",
                            "description": "uie vowel"
                        }
                    ]
                }
            ]
        }
    },
    "#Fi/FZPa/FCNuie": {
        "ambiguity": {
            "0": [
                {
                    "spelling": "Figaro",
                    "explanation": [
                        {
                            "theory": "Lapwing",
                            "chord": "#",
                            "description": "Proper noun"
                        },
                        {
                            "theory": "",
                            "chord": "F",
                            "description": "f"
                        },
                        {
                            "theory": "",
                            "chord": "i",
                            "description": "i"
                        },
                        {
                            "theory": "",
                            "chord": "/",
                            "description": ""
                        },
                        {
                            "theory": "",
                            "chord": "TKPW",
                            "description": "g"
                        },
                        {
                            "theory": "",
                            "chord": "a",
                            "description": "short a"
                        },
                        {
                            "theory": "",
                            "chord": "/",
                            "description": ""
                        },
                        {
                            "theory": "",
                            "chord": "FCN",
                            "description": "r"
                        },
                        {
                            "theory": "",
                            "chord": "uie",
                            "description": "uie vowel"
                        }
                    ]
                }
            ]
        }
    },
    "#Fi/FZPRes": {
        "ambiguity": {
            "4": [
                {
                    "spelling": "Figueres",
                    "explanation": [
                        {
                            "theory": "Lapwing",
                            "chord": "#",
                            "description": "Proper noun"
                        },
                        {
                            "theory": "",
                            "chord": "F",
                            "description": "f"
                        },
                        {
                            "theory": "",
                            "chord": "i",
                            "description": "ue vowel spelt i"
                        },
                        {
                            "theory": "",
                            "chord": "/",
                            "description": ""
                        },
                        {
                            "theory": "",
                            "chord": "TKPW",
                            "description": "g"
                        },
                        {
                            "theory": "",
                            "chord": "",
                            "description": "drop short vowel"
                        },
                        {
                            "theory": "",
                            "chord": "R",
                            "description": "r"
                        },
                        {
                            "theory": "",
                            "chord": "e",
                            "description": "e"
                        },
                        {
                            "theory": "",
                            "chord": "s",
                            "description": "unvoiced s"
                        }
                    ]
                }
            ]
        }
    },
    "#Fi/ZPue": {
        "ambiguity": {
            "3": [
                {
                    "spelling": "Fiji",
                    "explanation": [
                        {
                            "theory": "Lapwing",
                            "chord": "#",
                            "description": "Proper noun"
                        },
                        {
                            "theory": "",
                            "chord": "F",
                            "description": "f"
                        },
                        {
                            "theory": "",
                            "chord": "i",
                            "description": "ue vowel spelt i"
                        },
                        {
                            "theory": "",
                            "chord": "/",
                            "description": ""
                        },
                        {
                            "theory": "",
                            "chord": "ZP",
                            "description": "j"
                        },
                        {
                            "theory": "",
                            "chord": "ue",
                            "description": "ue vowel"
                        }
                    ]
                }
            ]
        }
    },
    "#Fin/SPencf": {
        "ambiguity": {
            "0": [
                {
                    "spelling": "Fincher",
                    "explanation": [
                        {
                            "theory": "Lapwing",
                            "chord": "#",
                            "description": "Proper noun"
                        },
                        {
                            "theory": "",
                            "chord": "F",
                            "description": "f"
                        },
                        {
                            "theory": "",
                            "chord": "i",
                            "description": "i"
                        },
                        {
                            "theory": "",
                            "chord": "n",
                            "description": "n"
                        },
                        {
                            "theory": "",
                            "chord": "/",
                            "description": ""
                        },
                        {
                            "theory": "",
                            "chord": "SP",
                            "description": "ch"
                        },
                        {
                            "theory": "",
                            "chord": "e",
                            "description": "e"
                        },
                        {
                            "theory": "",
                            "chord": "ncf",
                            "description": "r"
                        }
                    ]
                }
            ]
        }
    },
    "#Fin/SPRIenz": {
        "ambiguity": {
            "2": [
                {
                    "spelling": "Finchley",
                    "explanation": [
                        {
                            "theory": "Lapwing",
                            "chord": "#",
                            "description": "Proper noun"
                        },
                        {
                            "theory": "",
                            "chord": "F",
                            "description": "f"
                        },
                        {
                            "theory": "",
                            "chord": "i",
                            "description": "i"
                        },
                        {
                            "theory": "",
                            "chord": "n",
                            "description": "n"
                        },
                        {
                            "theory": "",
                            "chord": "/",
                            "description": ""
                        },
                        {
                            "theory": "",
                            "chord": "SP",
                            "description": "ch"
                        },
                        {
                            "theory": "",
                            "chord": "RI",
                            "description": "l"
                        },
                        {
                            "theory": "Harri",
                            "chord": "E",
                            "description": "silent e"
                        },
                        {
                            "theory": "",
                            "chord": "nz",
                            "description": "y pronounced i diphthong"
                        }
                    ]
                }
            ]
        }
    },
    "#Fi/FNRIanz": {
        "ambiguity": {
            "2": [
                {
                    "spelling": "Findlay",
                    "explanation": [
                        {
                            "theory": "Lapwing",
                            "chord": "#",
                            "description": "Proper noun"
                        },
                        {
                            "theory": "",
                            "chord": "F",
                            "description": "f"
                        },
                        {
                            "theory": "",
                            "chord": "i",
                            "description": "i"
                        },
                        {
                            "theory": "",
                            "chord": "/",
                            "description": ""
                        },
                        {
                            "theory": "",
                            "chord": "FN",
                            "description": "nd????"
                        },
                        {
                            "theory": "",
                            "chord": "RI",
                            "description": "l"
                        },
                        {
                            "theory": "Harri",
                            "chord": "A",
                            "description": "silent a"
                        },
                        {
                            "theory": "",
                            "chord": "nz",
                            "description": "y pronounced i diphthong"
                        }
                    ]
                }
            ]
        }
    },
    "#Finf/SCNanz": {
        "ambiguity": {
            "2": [
                {
                    "spelling": "Findlay",
                    "explanation": [
                        {
                            "theory": "Lapwing",
                            "chord": "#",
                            "description": "Proper noun"
                        },
                        {
                            "theory": "",
                            "chord": "F",
                            "description": "f"
                        },
                        {
                            "theory": "",
                            "chord": "i",
                            "description": "i"
                        },
                        {
                            "theory": "",
                            "chord": "nd",
                            "description": "nd"
                        },
                        {
                            "theory": "",
                            "chord": "/",
                            "description": ""
                        },
                        {
                            "theory": "",
                            "chord": "SCN",
                            "description": "l"
                        },
                        {
                            "theory": "Harri",
                            "chord": "A",
                            "description": "silent a"
                        },
                        {
                            "theory": "",
                            "chord": "nz",
                            "description": "y pronounced i diphthong"
                        }
                    ]
                }
            ]
        }
    },
    "#Fin/SCPRIanz": {
        "ambiguity": {
            "2": [
                {
                    "spelling": "Findlay",
                    "explanation": [
                        {
                            "theory": "Lapwing",
                            "chord": "#",
                            "description": "Proper noun"
                        },
                        {
                            "theory": "",
                            "chord": "F",
                            "description": "f"
                        },
                        {
                            "theory": "",
                            "chord": "i",
                            "description": "i"
                        },
                        {
                            "theory": "",
                            "chord": "n",
                            "description": "n"
                        },
                        {
                            "theory": "",
                            "chord": "/",
                            "description": ""
                        },
                        {
                            "theory": "",
                            "chord": "SCP",
                            "description": "d"
                        },
                        {
                            "theory": "",
                            "chord": "RI",
                            "description": "l"
                        },
                        {
                            "theory": "Harri",
                            "chord": "A",
                            "description": "silent a"
                        },
                        {
                            "theory": "",
                            "chord": "nz",
                            "description": "y pronounced i diphthong"
                        }
                    ]
                }
            ]
        }
    },
    "#Fi/FNRIenz": {
        "ambiguity": {
            "2": [
                {
                    "spelling": "Findley",
                    "explanation": [
                        {
                            "theory": "Lapwing",
                            "chord": "#",
                            "description": "Proper noun"
                        },
                        {
                            "theory": "",
                            "chord": "F",
                            "description": "f"
                        },
                        {
                            "theory": "",
                            "chord": "i",
                            "description": "i"
                        },
                        {
                            "theory": "",
                            "chord": "/",
                            "description": ""
                        },
                        {
                            "theory": "",
                            "chord": "FN",
                            "description": "nd????"
                        },
                        {
                            "theory": "",
                            "chord": "RI",
                            "description": "l"
                        },
                        {
                            "theory": "Harri",
                            "chord": "E",
                            "description": "silent e"
                        },
                        {
                            "theory": "",
                            "chord": "nz",
                            "description": "y pronounced i diphthong"
                        }
                    ]
                }
            ]
        }
    },
    "#Finf/SCNenz": {
        "ambiguity": {
            "2": [
                {
                    "spelling": "Findley",
                    "explanation": [
                        {
                            "theory": "Lapwing",
                            "chord": "#",
                            "description": "Proper noun"
                        },
                        {
                            "theory": "",
                            "chord": "F",
                            "description": "f"
                        },
                        {
                            "theory": "",
                            "chord": "i",
                            "description": "i"
                        },
                        {
                            "theory": "",
                            "chord": "nd",
                            "description": "nd"
                        },
                        {
                            "theory": "",
                            "chord": "/",
                            "description": ""
                        },
                        {
                            "theory": "",
                            "chord": "SCN",
                            "description": "l"
                        },
                        {
                            "theory": "Harri",
                            "chord": "E",
                            "description": "silent e"
                        },
                        {
                            "theory": "",
                            "chord": "nz",
                            "description": "y pronounced i diphthong"
                        }
                    ]
                }
            ]
        }
    },
    "#Fin/SCPRIenz": {
        "ambiguity": {
            "2": [
                {
                    "spelling": "Findley",
                    "explanation": [
                        {
                            "theory": "Lapwing",
                            "chord": "#",
                            "description": "Proper noun"
                        },
                        {
                            "theory": "",
                            "chord": "F",
                            "description": "f"
                        },
                        {
                            "theory": "",
                            "chord": "i",
                            "description": "i"
                        },
                        {
                            "theory": "",
                            "chord": "n",
                            "description": "n"
                        },
                        {
                            "theory": "",
                            "chord": "/",
                            "description": ""
                        },
                        {
                            "theory": "",
                            "chord": "SCP",
                            "description": "d"
                        },
                        {
                            "theory": "",
                            "chord": "RI",
                            "description": "l"
                        },
                        {
                            "theory": "Harri",
                            "chord": "E",
                            "description": "silent e"
                        },
                        {
                            "theory": "",
                            "chord": "nz",
                            "description": "y pronounced i diphthong"
                        }
                    ]
                }
            ]
        }
    },
    "#Fins/CPencs": {
        "ambiguity": {
            "0": [
                {
                    "spelling": "Finkel",
                    "explanation": [
                        {
                            "theory": "Lapwing",
                            "chord": "#",
                            "description": "Proper noun"
                        },
                        {
                            "theory": "",
                            "chord": "F",
                            "description": "f"
                        },
                        {
                            "theory": "",
                            "chord": "i",
                            "description": "i"
                        },
                        {
                            "theory": "",
                            "chord": "ns",
                            "description": "ng"
                        },
                        {
                            "theory": "",
                            "chord": "/",
                            "description": ""
                        },
                        {
                            "theory": "",
                            "chord": "CP",
                            "description": "k"
                        },
                        {
                            "theory": "Harri",
                            "chord": "E",
                            "description": "silent e"
                        },
                        {
                            "theory": "",
                            "chord": "ncs",
                            "description": "l"
                        }
                    ]
                }
            ]
        }
    },
    "#Fi/NRIanf": {
        "ambiguity": {
            "0": [
                {
                    "spelling": "Finland",
                    "explanation": [
                        {
                            "theory": "Lapwing",
                            "chord": "#",
                            "description": "Proper noun"
                        },
                        {
                            "theory": "",
                            "chord": "F",
                            "description": "f"
                        },
                        {
                            "theory": "",
                            "chord": "i",
                            "description": "i"
                        },
                        {
                            "theory": "",
                            "chord": "/",
                            "description": ""
                        },
                        {
                            "theory": "",
                            "chord": "N",
                            "description": "n"
                        },
                        {
                            "theory": "",
                            "chord": "RI",
                            "description": "l"
                        },
                        {
                            "theory": "",
                            "chord": "a",
                            "description": "short a"
                        },
                        {
                            "theory": "",
                            "chord": "nd",
                            "description": "nd"
                        }
                    ]
                }
            ]
        }
    },
    "#Fin/SCNanf": {
        "ambiguity": {
            "0": [
                {
                    "spelling": "Finland",
                    "explanation": [
                        {
                            "theory": "Lapwing",
                            "chord": "#",
                            "description": "Proper noun"
                        },
                        {
                            "theory": "",
                            "chord": "F",
                            "description": "f"
                        },
                        {
                            "theory": "",
                            "chord": "i",
                            "description": "i"
                        },
                        {
                            "theory": "",
                            "chord": "n",
                            "description": "n"
                        },
                        {
                            "theory": "",
                            "chord": "/",
                            "description": ""
                        },
                        {
                            "theory": "",
                            "chord": "SCN",
                            "description": "l"
                        },
                        {
                            "theory": "",
                            "chord": "a",
                            "description": "short a"
                        },
                        {
                            "theory": "",
                            "chord": "nd",
                            "description": "nd"
                        }
                    ]
                }
            ]
        }
    },
    "#Fi/NRIanz": {
        "ambiguity": {
            "2": [
                {
                    "spelling": "Finlay",
                    "explanation": [
                        {
                            "theory": "Lapwing",
                            "chord": "#",
                            "description": "Proper noun"
                        },
                        {
                            "theory": "",
                            "chord": "F",
                            "description": "f"
                        },
                        {
                            "theory": "",
                            "chord": "i",
                            "description": "i"
                        },
                        {
                            "theory": "",
                            "chord": "/",
                            "description": ""
                        },
                        {
                            "theory": "",
                            "chord": "N",
                            "description": "n"
                        },
                        {
                            "theory": "",
                            "chord": "RI",
                            "description": "l"
                        },
                        {
                            "theory": "Harri",
                            "chord": "A",
                            "description": "silent a"
                        },
                        {
                            "theory": "",
                            "chord": "nz",
                            "description": "y pronounced i diphthong"
                        }
                    ]
                }
            ]
        }
    },
    "#Fin/SCNanz": {
        "ambiguity": {
            "2": [
                {
                    "spelling": "Finlay",
                    "explanation": [
                        {
                            "theory": "Lapwing",
                            "chord": "#",
                            "description": "Proper noun"
                        },
                        {
                            "theory": "",
                            "chord": "F",
                            "description": "f"
                        },
                        {
                            "theory": "",
                            "chord": "i",
                            "description": "i"
                        },
                        {
                            "theory": "",
                            "chord": "n",
                            "description": "n"
                        },
                        {
                            "theory": "",
                            "chord": "/",
                            "description": ""
                        },
                        {
                            "theory": "",
                            "chord": "SCN",
                            "description": "l"
                        },
                        {
                            "theory": "Harri",
                            "chord": "A",
                            "description": "silent a"
                        },
                        {
                            "theory": "",
                            "chord": "nz",
                            "description": "y pronounced i diphthong"
                        }
                    ]
                }
            ]
        }
    },
    "#Fi/NRIenz": {
        "ambiguity": {
            "2": [
                {
                    "spelling": "Finley",
                    "explanation": [
                        {
                            "theory": "Lapwing",
                            "chord": "#",
                            "description": "Proper noun"
                        },
                        {
                            "theory": "",
                            "chord": "F",
                            "description": "f"
                        },
                        {
                            "theory": "",
                            "chord": "i",
                            "description": "i"
                        },
                        {
                            "theory": "",
                            "chord": "/",
                            "description": ""
                        },
                        {
                            "theory": "",
                            "chord": "N",
                            "description": "n"
                        },
                        {
                            "theory": "",
                            "chord": "RI",
                            "description": "l"
                        },
                        {
                            "theory": "Harri",
                            "chord": "E",
                            "description": "silent e"
                        },
                        {
                            "theory": "",
                            "chord": "nz",
                            "description": "y pronounced i diphthong"
                        }
                    ]
                }
            ]
        }
    },
    "#Fin/SCNenz": {
        "ambiguity": {
            "2": [
                {
                    "spelling": "Finley",
                    "explanation": [
                        {
                            "theory": "Lapwing",
                            "chord": "#",
                            "description": "Proper noun"
                        },
                        {
                            "theory": "",
                            "chord": "F",
                            "description": "f"
                        },
                        {
                            "theory": "",
                            "chord": "i",
                            "description": "i"
                        },
                        {
                            "theory": "",
                            "chord": "n",
                            "description": "n"
                        },
                        {
                            "theory": "",
                            "chord": "/",
                            "description": ""
                        },
                        {
                            "theory": "",
                            "chord": "SCN",
                            "description": "l"
                        },
                        {
                            "theory": "Harri",
                            "chord": "E",
                            "description": "silent e"
                        },
                        {
                            "theory": "",
                            "chord": "nz",
                            "description": "y pronounced i diphthong"
                        }
                    ]
                }
            ]
        }
    },
    "#Fi/Nenz": {
        "ambiguity": {
            "2": [
                {
                    "spelling": "Finney",
                    "explanation": [
                        {
                            "theory": "Lapwing",
                            "chord": "#",
                            "description": "Proper noun"
                        },
                        {
                            "theory": "",
                            "chord": "F",
                            "description": "f"
                        },
                        {
                            "theory": "",
                            "chord": "i",
                            "description": "i"
                        },
                        {
                            "theory": "",
                            "chord": "/",
                            "description": ""
                        },
                        {
                            "theory": "",
                            "chord": "N",
                            "description": "n"
                        },
                        {
                            "theory": "Harri",
                            "chord": "E",
                            "description": "silent e"
                        },
                        {
                            "theory": "",
                            "chord": "nz",
                            "description": "y pronounced i diphthong"
                        }
                    ]
                }
            ]
        }
    },
    "#Fi/Cencf": {
        "ambiguity": {
            "1": [
                {
                    "spelling": "Fischer",
                    "explanation": [
                        {
                            "theory": "Lapwing",
                            "chord": "#",
                            "description": "Proper noun"
                        },
                        {
                            "theory": "",
                            "chord": "F",
                            "description": "f"
                        },
                        {
                            "theory": "",
                            "chord": "i",
                            "description": "i"
                        },
                        {
                            "theory": "",
                            "chord": "/",
                            "description": ""
                        },
                        {
                            "theory": "",
                            "chord": "C",
                            "description": "sh sound"
                        },
                        {
                            "theory": "",
                            "chord": "e",
                            "description": "e"
                        },
                        {
                            "theory": "",
                            "chord": "ncf",
                            "description": "r"
                        }
                    ]
                }
            ],
            "0": [
                {
                    "spelling": "Fisher",
                    "explanation": [
                        {
                            "theory": "Lapwing",
                            "chord": "#",
                            "description": "Proper noun"
                        },
                        {
                            "theory": "",
                            "chord": "F",
                            "description": "f"
                        },
                        {
                            "theory": "",
                            "chord": "i",
                            "description": "i"
                        },
                        {
                            "theory": "",
                            "chord": "/",
                            "description": ""
                        },
                        {
                            "theory": "",
                            "chord": "C",
                            "description": "sh"
                        },
                        {
                            "theory": "",
                            "chord": "e",
                            "description": "e"
                        },
                        {
                            "theory": "",
                            "chord": "ncf",
                            "description": "r"
                        }
                    ]
                }
            ]
        }
    },
    "#Fic/FCencf": {
        "ambiguity": {
            "1": [
                {
                    "spelling": "Fischer",
                    "explanation": [
                        {
                            "theory": "Lapwing",
                            "chord": "#",
                            "description": "Proper noun"
                        },
                        {
                            "theory": "",
                            "chord": "F",
                            "description": "f"
                        },
                        {
                            "theory": "",
                            "chord": "i",
                            "description": "i"
                        },
                        {
                            "theory": "",
                            "chord": "c",
                            "description": "sh sound"
                        },
                        {
                            "theory": "",
                            "chord": "/",
                            "description": ""
                        },
                        {
                            "theory": "?",
                            "chord": "FC",
                            "description": "silent h"
                        },
                        {
                            "theory": "",
                            "chord": "e",
                            "description": "e"
                        },
                        {
                            "theory": "",
                            "chord": "ncf",
                            "description": "r"
                        }
                    ]
                }
            ]
        }
    },
    "#Fips": {
        "ambiguity": {
            "0": [
                {
                    "spelling": "Fitch",
                    "explanation": [
                        {
                            "theory": "Lapwing",
                            "chord": "#",
                            "description": "Proper noun"
                        },
                        {
                            "theory": "",
                            "chord": "F",
                            "description": "f"
                        },
                        {
                            "theory": "",
                            "chord": "i",
                            "description": "i"
                        },
                        {
                            "theory": "",
                            "chord": "ps",
                            "description": "tch"
                        }
                    ]
                }
            ]
        }
    },
    "#Fipf": {
        "ambiguity": {
            "0": [
                {
                    "spelling": "Fitt",
                    "explanation": [
                        {
                            "theory": "Lapwing",
                            "chord": "#",
                            "description": "Proper noun"
                        },
                        {
                            "theory": "",
                            "chord": "F",
                            "description": "f"
                        },
                        {
                            "theory": "",
                            "chord": "i",
                            "description": "i"
                        },
                        {
                            "theory": "",
                            "chord": "pf",
                            "description": "t"
                        }
                    ]
                }
            ]
        }
    },
    "#Fiepzf": {
        "ambiguity": {
            "0": [
                {
                    "spelling": "Fogg",
                    "explanation": [
                        {
                            "theory": "Lapwing",
                            "chord": "#",
                            "description": "Proper noun"
                        },
                        {
                            "theory": "",
                            "chord": "F",
                            "description": "f"
                        },
                        {
                            "theory": "",
                            "chord": "ie",
                            "description": "o"
                        },
                        {
                            "theory": "",
                            "chord": "pzf",
                            "description": "g"
                        }
                    ]
                }
            ]
        }
    },
    "#Fien/FPUencs": {
        "ambiguity": {
            "0": [
                {
                    "spelling": "Fontwell",
                    "explanation": [
                        {
                            "theory": "Lapwing",
                            "chord": "#",
                            "description": "Proper noun"
                        },
                        {
                            "theory": "",
                            "chord": "F",
                            "description": "f"
                        },
                        {
                            "theory": "",
                            "chord": "ie",
                            "description": "o"
                        },
                        {
                            "theory": "",
                            "chord": "n",
                            "description": "n"
                        },
                        {
                            "theory": "",
                            "chord": "/",
                            "description": ""
                        },
                        {
                            "theory": "",
                            "chord": "FP",
                            "description": "t"
                        },
                        {
                            "theory": "Harri",
                            "chord": "U",
                            "description": "w"
                        },
                        {
                            "theory": "",
                            "chord": "e",
                            "description": "e"
                        },
                        {
                            "theory": "",
                            "chord": "ncs",
                            "description": "l"
                        }
                    ]
                }
            ]
        }
    },
    "#Fienzf/CNencs": {
        "ambiguity": {
            "1": [
                {
                    "spelling": "Fontwell",
                    "explanation": [
                        {
                            "theory": "Lapwing",
                            "chord": "#",
                            "description": "Proper noun"
                        },
                        {
                            "theory": "",
                            "chord": "F",
                            "description": "f"
                        },
                        {
                            "theory": "",
                            "chord": "ie",
                            "description": "o"
                        },
                        {
                            "theory": "",
                            "chord": "nzf",
                            "description": "nt"
                        },
                        {
                            "theory": "",
                            "chord": "/",
                            "description": ""
                        },
                        {
                            "theory": "",
                            "chord": "CN",
                            "description": "w"
                        },
                        {
                            "theory": "",
                            "chord": "e",
                            "description": "e"
                        },
                        {
                            "theory": "",
                            "chord": "ncs",
                            "description": "l"
                        }
                    ]
                }
            ]
        }
    },
    "#Fieapf": {
        "ambiguity": {
            "0": [
                {
                    "spelling": "Foote",
                    "explanation": [
                        {
                            "theory": "Lapwing",
                            "chord": "#",
                            "description": "Proper noun"
                        },
                        {
                            "theory": "",
                            "chord": "F",
                            "description": "f"
                        },
                        {
                            "theory": "",
                            "chord": "iea",
                            "description": "short vowel spelt oo"
                        },
                        {
                            "theory": "",
                            "chord": "pf",
                            "description": "t"
                        }
                    ]
                },
                {
                    "spelling": "Foot",
                    "explanation": [
                        {
                            "theory": "Lapwing",
                            "chord": "#",
                            "description": "Proper noun"
                        },
                        {
                            "theory": "",
                            "chord": "F",
                            "description": "f"
                        },
                        {
                            "theory": "",
                            "chord": "iea",
                            "description": "short vowel spelt oo"
                        },
                        {
                            "theory": "",
                            "chord": "pf",
                            "description": "t"
                        }
                    ]
                }
            ]
        }
    },
    "#Fie/FCNIUez": {
        "ambiguity": {
            "1": [
                {
                    "spelling": "Forbes",
                    "explanation": [
                        {
                            "theory": "Lapwing",
                            "chord": "#",
                            "description": "Proper noun"
                        },
                        {
                            "theory": "",
                            "chord": "F",
                            "description": "f"
                        },
                        {
                            "theory": "",
                            "chord": "ie",
                            "description": "Uu vowel spelt o"
                        },
                        {
                            "theory": "",
                            "chord": "/",
                            "description": ""
                        },
                        {
                            "theory": "",
                            "chord": "FCN",
                            "description": "r"
                        },
                        {
                            "theory": "",
                            "chord": "IU",
                            "description": "b"
                        },
                        {
                            "theory": "Harri",
                            "chord": "E",
                            "description": "silent e"
                        },
                        {
                            "theory": "",
                            "chord": "z",
                            "description": "s voiced"
                        }
                    ]
                }
            ]
        }
    },
    "#Fiencf/FCPez": {
        "ambiguity": {
            "1": [
                {
                    "spelling": "Forbes",
                    "explanation": [
                        {
                            "theory": "Lapwing",
                            "chord": "#",
                            "description": "Proper noun"
                        },
                        {
                            "theory": "",
                            "chord": "F",
                            "description": "f"
                        },
                        {
                            "theory": "",
                            "chord": "ie",
                            "description": "Uu vowel spelt o"
                        },
                        {
                            "theory": "",
                            "chord": "ncf",
                            "description": "r"
                        },
                        {
                            "theory": "",
                            "chord": "/",
                            "description": ""
                        },
                        {
                            "theory": "",
                            "chord": "FCP",
                            "description": "b"
                        },
                        {
                            "theory": "Harri",
                            "chord": "E",
                            "description": "silent e"
                        },
                        {
                            "theory": "",
                            "chord": "z",
                            "description": "s voiced"
                        }
                    ]
                }
            ]
        }
    },
    "#Fiezs/FCapzs": {
        "ambiguity": {
            "1": [
                {
                    "spelling": "Fordham",
                    "explanation": [
                        {
                            "theory": "Lapwing",
                            "chord": "#",
                            "description": "Proper noun"
                        },
                        {
                            "theory": "",
                            "chord": "F",
                            "description": "f"
                        },
                        {
                            "theory": "",
                            "chord": "ie",
                            "description": "Uu vowel spelt o"
                        },
                        {
                            "theory": "",
                            "chord": "zs",
                            "description": "rd"
                        },
                        {
                            "theory": "",
                            "chord": "/",
                            "description": ""
                        },
                        {
                            "theory": "?",
                            "chord": "FC",
                            "description": "silent h"
                        },
                        {
                            "theory": "",
                            "chord": "a",
                            "description": "short a"
                        },
                        {
                            "theory": "",
                            "chord": "pzs",
                            "description": "m"
                        }
                    ]
                }
            ]
        }
    },
    "#Fiezs": {
        "ambiguity": {
            "1": [
                {
                    "spelling": "Ford",
                    "explanation": [
                        {
                            "theory": "Lapwing",
                            "chord": "#",
                            "description": "Proper noun"
                        },
                        {
                            "theory": "",
                            "chord": "F",
                            "description": "f"
                        },
                        {
                            "theory": "",
                            "chord": "ie",
                            "description": "Uu vowel spelt o"
                        },
                        {
                            "theory": "",
                            "chord": "zs",
                            "description": "rd"
                        }
                    ]
                }
            ]
        }
    },
    "#Fie/FCNecf": {
        "ambiguity": {
            "0": [
                {
                    "spelling": "Forest",
                    "explanation": [
                        {
                            "theory": "Lapwing",
                            "chord": "#",
                            "description": "Proper noun"
                        },
                        {
                            "theory": "",
                            "chord": "F",
                            "description": "f"
                        },
                        {
                            "theory": "",
                            "chord": "ie",
                            "description": "o"
                        },
                        {
                            "theory": "",
                            "chord": "/",
                            "description": ""
                        },
                        {
                            "theory": "",
                            "chord": "FCN",
                            "description": "r"
                        },
                        {
                            "theory": "",
                            "chord": "e",
                            "description": "e"
                        },
                        {
                            "theory": "",
                            "chord": "cf",
                            "description": "st!"
                        }
                    ]
                },
                {
                    "spelling": "Forrest",
                    "explanation": [
                        {
                            "theory": "Lapwing",
                            "chord": "#",
                            "description": "Proper noun"
                        },
                        {
                            "theory": "",
                            "chord": "F",
                            "description": "f"
                        },
                        {
                            "theory": "",
                            "chord": "ie",
                            "description": "o"
                        },
                        {
                            "theory": "",
                            "chord": "/",
                            "description": ""
                        },
                        {
                            "theory": "",
                            "chord": "FCN",
                            "description": "r"
                        },
                        {
                            "theory": "",
                            "chord": "e",
                            "description": "e"
                        },
                        {
                            "theory": "",
                            "chord": "cf",
                            "description": "st!"
                        }
                    ]
                }
            ]
        }
    },
    "#Fiencf/Fancf": {
        "ambiguity": {
            "1": [
                {
                    "spelling": "Forfar",
                    "explanation": [
                        {
                            "theory": "Lapwing",
                            "chord": "#",
                            "description": "Proper noun"
                        },
                        {
                            "theory": "",
                            "chord": "F",
                            "description": "f"
                        },
                        {
                            "theory": "",
                            "chord": "ie",
                            "description": "Uu vowel spelt o"
                        },
                        {
                            "theory": "",
                            "chord": "ncf",
                            "description": "r"
                        },
                        {
                            "theory": "",
                            "chord": "/",
                            "description": ""
                        },
                        {
                            "theory": "",
                            "chord": "F",
                            "description": "f"
                        },
                        {
                            "theory": "",
                            "chord": "a",
                            "description": "short a"
                        },
                        {
                            "theory": "",
                            "chord": "ncf",
                            "description": "r"
                        }
                    ]
                }
            ]
        }
    },
    "#Fie/FCNRIue": {
        "ambiguity": {
            "2": [
                {
                    "spelling": "Forli",
                    "explanation": [
                        {
                            "theory": "Lapwing",
                            "chord": "#",
                            "description": "Proper noun"
                        },
                        {
                            "theory": "",
                            "chord": "F",
                            "description": "f"
                        },
                        {
                            "theory": "",
                            "chord": "ie",
                            "description": "Uu vowel spelt o"
                        },
                        {
                            "theory": "",
                            "chord": "/",
                            "description": ""
                        },
                        {
                            "theory": "",
                            "chord": "FCN",
                            "description": "r"
                        },
                        {
                            "theory": "",
                            "chord": "RI",
                            "description": "l"
                        },
                        {
                            "theory": "",
                            "chord": "ue",
                            "description": "ue vowel"
                        }
                    ]
                }
            ]
        }
    },
    "#Fiencf/SCNue": {
        "ambiguity": {
            "2": [
                {
                    "spelling": "Forli",
                    "explanation": [
                        {
                            "theory": "Lapwing",
                            "chord": "#",
                            "description": "Proper noun"
                        },
                        {
                            "theory": "",
                            "chord": "F",
                            "description": "f"
                        },
                        {
                            "theory": "",
                            "chord": "ie",
                            "description": "Uu vowel spelt o"
                        },
                        {
                            "theory": "",
                            "chord": "ncf",
                            "description": "r"
                        },
                        {
                            "theory": "",
                            "chord": "/",
                            "description": ""
                        },
                        {
                            "theory": "",
                            "chord": "SCN",
                            "description": "l"
                        },
                        {
                            "theory": "",
                            "chord": "ue",
                            "description": "ue vowel"
                        }
                    ]
                }
            ]
        }
    },
    "#Fie/FCNe/SRIUencf": {
        "ambiguity": {
            "0": [
                {
                    "spelling": "Forrester",
                    "explanation": [
                        {
                            "theory": "Lapwing",
                            "chord": "#",
                            "description": "Proper noun"
                        },
                        {
                            "theory": "",
                            "chord": "F",
                            "description": "f"
                        },
                        {
                            "theory": "",
                            "chord": "ie",
                            "description": "o"
                        },
                        {
                            "theory": "",
                            "chord": "/",
                            "description": ""
                        },
                        {
                            "theory": "",
                            "chord": "FCN",
                            "description": "r"
                        },
                        {
                            "theory": "",
                            "chord": "e",
                            "description": "e"
                        },
                        {
                            "theory": "",
                            "chord": "/",
                            "description": ""
                        },
                        {
                            "theory": "",
                            "chord": "S",
                            "description": "s"
                        },
                        {
                            "theory": "",
                            "chord": "RIU",
                            "description": "t"
                        },
                        {
                            "theory": "",
                            "chord": "e",
                            "description": "e"
                        },
                        {
                            "theory": "",
                            "chord": "ncf",
                            "description": "r"
                        }
                    ]
                }
            ]
        }
    },
    "#Fie/FCNes/FPencf": {
        "ambiguity": {
            "0": [
                {
                    "spelling": "Forrester",
                    "explanation": [
                        {
                            "theory": "Lapwing",
                            "chord": "#",
                            "description": "Proper noun"
                        },
                        {
                            "theory": "",
                            "chord": "F",
                            "description": "f"
                        },
                        {
                            "theory": "",
                            "chord": "ie",
                            "description": "o"
                        },
                        {
                            "theory": "",
                            "chord": "/",
                            "description": ""
                        },
                        {
                            "theory": "",
                            "chord": "FCN",
                            "description": "r"
                        },
                        {
                            "theory": "",
                            "chord": "e",
                            "description": "e"
                        },
                        {
                            "theory": "",
                            "chord": "s",
                            "description": "unvoiced s"
                        },
                        {
                            "theory": "",
                            "chord": "/",
                            "description": ""
                        },
                        {
                            "theory": "",
                            "chord": "FP",
                            "description": "t"
                        },
                        {
                            "theory": "",
                            "chord": "e",
                            "description": "e"
                        },
                        {
                            "theory": "",
                            "chord": "ncf",
                            "description": "r"
                        }
                    ]
                }
            ]
        }
    },
    "#Fiencf/SRIUencf": {
        "ambiguity": {
            "1": [
                {
                    "spelling": "Forster",
                    "explanation": [
                        {
                            "theory": "Lapwing",
                            "chord": "#",
                            "description": "Proper noun"
                        },
                        {
                            "theory": "",
                            "chord": "F",
                            "description": "f"
                        },
                        {
                            "theory": "",
                            "chord": "ie",
                            "description": "Uu vowel spelt o"
                        },
                        {
                            "theory": "",
                            "chord": "ncf",
                            "description": "r"
                        },
                        {
                            "theory": "",
                            "chord": "/",
                            "description": ""
                        },
                        {
                            "theory": "",
                            "chord": "S",
                            "description": "s"
                        },
                        {
                            "theory": "",
                            "chord": "RIU",
                            "description": "t"
                        },
                        {
                            "theory": "",
                            "chord": "e",
                            "description": "e"
                        },
                        {
                            "theory": "",
                            "chord": "ncf",
                            "description": "r"
                        }
                    ]
                }
            ]
        }
    },
    "#Fie/FCNXuizf": {
        "ambiguity": {
            "2": [
                {
                    "spelling": "Forsyth",
                    "explanation": [
                        {
                            "theory": "Lapwing",
                            "chord": "#",
                            "description": "Proper noun"
                        },
                        {
                            "theory": "",
                            "chord": "F",
                            "description": "f"
                        },
                        {
                            "theory": "",
                            "chord": "ie",
                            "description": "Uu vowel spelt o"
                        },
                        {
                            "theory": "",
                            "chord": "/",
                            "description": ""
                        },
                        {
                            "theory": "",
                            "chord": "FCN",
                            "description": "r"
                        },
                        {
                            "theory": "",
                            "chord": "X",
                            "description": "s"
                        },
                        {
                            "theory": "StenEd?",
                            "chord": "ui",
                            "description": "ui vowel"
                        },
                        {
                            "theory": "",
                            "chord": "zf",
                            "description": "th"
                        }
                    ]
                }
            ]
        }
    },
    "#Fiencf/Suizf": {
        "ambiguity": {
            "2": [
                {
                    "spelling": "Forsyth",
                    "explanation": [
                        {
                            "theory": "Lapwing",
                            "chord": "#",
                            "description": "Proper noun"
                        },
                        {
                            "theory": "",
                            "chord": "F",
                            "description": "f"
                        },
                        {
                            "theory": "",
                            "chord": "ie",
                            "description": "Uu vowel spelt o"
                        },
                        {
                            "theory": "",
                            "chord": "ncf",
                            "description": "r"
                        },
                        {
                            "theory": "",
                            "chord": "/",
                            "description": ""
                        },
                        {
                            "theory": "",
                            "chord": "S",
                            "description": "s"
                        },
                        {
                            "theory": "StenEd?",
                            "chord": "ui",
                            "description": "ui vowel"
                        },
                        {
                            "theory": "",
                            "chord": "zf",
                            "description": "th"
                        }
                    ]
                }
            ]
        }
    },
    "#Fie/SRIUencf": {
        "ambiguity": {
            "0": [
                {
                    "spelling": "Foster",
                    "explanation": [
                        {
                            "theory": "Lapwing",
                            "chord": "#",
                            "description": "Proper noun"
                        },
                        {
                            "theory": "",
                            "chord": "F",
                            "description": "f"
                        },
                        {
                            "theory": "",
                            "chord": "ie",
                            "description": "o"
                        },
                        {
                            "theory": "",
                            "chord": "/",
                            "description": ""
                        },
                        {
                            "theory": "",
                            "chord": "S",
                            "description": "s"
                        },
                        {
                            "theory": "",
                            "chord": "RIU",
                            "description": "t"
                        },
                        {
                            "theory": "",
                            "chord": "e",
                            "description": "e"
                        },
                        {
                            "theory": "",
                            "chord": "ncf",
                            "description": "r"
                        }
                    ]
                }
            ]
        }
    },
    "#Fies/FPencf": {
        "ambiguity": {
            "0": [
                {
                    "spelling": "Foster",
                    "explanation": [
                        {
                            "theory": "Lapwing",
                            "chord": "#",
                            "description": "Proper noun"
                        },
                        {
                            "theory": "",
                            "chord": "F",
                            "description": "f"
                        },
                        {
                            "theory": "",
                            "chord": "ie",
                            "description": "o"
                        },
                        {
                            "theory": "",
                            "chord": "s",
                            "description": "unvoiced s"
                        },
                        {
                            "theory": "",
                            "chord": "/",
                            "description": ""
                        },
                        {
                            "theory": "",
                            "chord": "FP",
                            "description": "t"
                        },
                        {
                            "theory": "",
                            "chord": "e",
                            "description": "e"
                        },
                        {
                            "theory": "",
                            "chord": "ncf",
                            "description": "r"
                        }
                    ]
                }
            ]
        }
    },
    "#Fia/SCNencf": {
        "ambiguity": {
            "0": [
                {
                    "spelling": "Fowler",
                    "explanation": [
                        {
                            "theory": "Lapwing",
                            "chord": "#",
                            "description": "Proper noun"
                        },
                        {
                            "theory": "",
                            "chord": "F",
                            "description": "f"
                        },
                        {
                            "theory": "",
                            "chord": "ia",
                            "description": "ia vowel"
                        },
                        {
                            "theory": "",
                            "chord": "/",
                            "description": ""
                        },
                        {
                            "theory": "",
                            "chord": "SCN",
                            "description": "l"
                        },
                        {
                            "theory": "",
                            "chord": "e",
                            "description": "e"
                        },
                        {
                            "theory": "",
                            "chord": "ncf",
                            "description": "r"
                        }
                    ]
                }
            ]
        }
    },
    "#Fienzs": {
        "ambiguity": {
            "0": [
                {
                    "spelling": "Fox",
                    "explanation": [
                        {
                            "theory": "Lapwing",
                            "chord": "#",
                            "description": "Proper noun"
                        },
                        {
                            "theory": "",
                            "chord": "F",
                            "description": "f"
                        },
                        {
                            "theory": "",
                            "chord": "ie",
                            "description": "o"
                        },
                        {
                            "theory": "",
                            "chord": "nzs",
                            "description": "x"
                        }
                    ]
                }
            ]
        }
    },
    "#Fi/SCNip": {
        "ambiguity": {
            "1": [
                {
                    "spelling": "Philip",
                    "explanation": [
                        {
                            "theory": "Lapwing",
                            "chord": "#",
                            "description": "Proper noun"
                        },
                        {
                            "theory": "",
                            "chord": "F",
                            "description": "ph pronounced f"
                        },
                        {
                            "theory": "",
                            "chord": "i",
                            "description": "i"
                        },
                        {
                            "theory": "",
                            "chord": "/",
                            "description": ""
                        },
                        {
                            "theory": "",
                            "chord": "SCN",
                            "description": "l"
                        },
                        {
                            "theory": "",
                            "chord": "i",
                            "description": "i"
                        },
                        {
                            "theory": "",
                            "chord": "p",
                            "description": "p"
                        }
                    ]
                },
                {
                    "spelling": "Phillip",
                    "explanation": [
                        {
                            "theory": "Lapwing",
                            "chord": "#",
                            "description": "Proper noun"
                        },
                        {
                            "theory": "",
                            "chord": "F",
                            "description": "ph pronounced f"
                        },
                        {
                            "theory": "",
                            "chord": "i",
                            "description": "i"
                        },
                        {
                            "theory": "",
                            "chord": "/",
                            "description": ""
                        },
                        {
                            "theory": "",
                            "chord": "SCN",
                            "description": "l"
                        },
                        {
                            "theory": "",
                            "chord": "i",
                            "description": "i"
                        },
                        {
                            "theory": "",
                            "chord": "p",
                            "description": "p"
                        }
                    ]
                }
            ],
            "4": [
                {
                    "spelling": "Philippe",
                    "explanation": [
                        {
                            "theory": "Lapwing",
                            "chord": "#",
                            "description": "Proper noun"
                        },
                        {
                            "theory": "",
                            "chord": "F",
                            "description": "ph pronounced f"
                        },
                        {
                            "theory": "",
                            "chord": "i",
                            "description": "i"
                        },
                        {
                            "theory": "",
                            "chord": "/",
                            "description": ""
                        },
                        {
                            "theory": "",
                            "chord": "SCN",
                            "description": "l"
                        },
                        {
                            "theory": "",
                            "chord": "i",
                            "description": "ue vowel spelt i"
                        },
                        {
                            "theory": "",
                            "chord": "p",
                            "description": "p"
                        }
                    ]
                }
            ]
        }
    },
    "#Fi/SCNuep": {
        "ambiguity": {
            "3": [
                {
                    "spelling": "Philippe",
                    "explanation": [
                        {
                            "theory": "Lapwing",
                            "chord": "#",
                            "description": "Proper noun"
                        },
                        {
                            "theory": "",
                            "chord": "F",
                            "description": "ph pronounced f"
                        },
                        {
                            "theory": "",
                            "chord": "i",
                            "description": "i"
                        },
                        {
                            "theory": "",
                            "chord": "/",
                            "description": ""
                        },
                        {
                            "theory": "",
                            "chord": "SCN",
                            "description": "l"
                        },
                        {
                            "theory": "",
                            "chord": "ue",
                            "description": "ue vowel"
                        },
                        {
                            "theory": "",
                            "chord": "p",
                            "description": "p"
                        }
                    ]
                }
            ]
        }
    },
    "#Fincs": {
        "ambiguity": {
            "1": [
                {
                    "spelling": "Phil",
                    "explanation": [
                        {
                            "theory": "Lapwing",
                            "chord": "#",
                            "description": "Proper noun"
                        },
                        {
                            "theory": "",
                            "chord": "F",
                            "description": "ph pronounced f"
                        },
                        {
                            "theory": "",
                            "chord": "i",
                            "description": "i"
                        },
                        {
                            "theory": "",
                            "chord": "ncs",
                            "description": "l"
                        }
                    ]
                }
            ]
        }
    },
    "#Fi/SCNis": {
        "ambiguity": {
            "2": [
                {
                    "spelling": "Phyllis",
                    "explanation": [
                        {
                            "theory": "Lapwing",
                            "chord": "#",
                            "description": "Proper noun"
                        },
                        {
                            "theory": "",
                            "chord": "F",
                            "description": "ph pronounced f"
                        },
                        {
                            "theory": "",
                            "chord": "i",
                            "description": "y"
                        },
                        {
                            "theory": "",
                            "chord": "/",
                            "description": ""
                        },
                        {
                            "theory": "",
                            "chord": "SCN",
                            "description": "l"
                        },
                        {
                            "theory": "",
                            "chord": "i",
                            "description": "i"
                        },
                        {
                            "theory": "",
                            "chord": "s",
                            "description": "unvoiced s"
                        }
                    ]
                }
            ]
        }
    }
}