{
    "Pea/SCPie/Fuincs": {
        "ambiguity": {
            "4": [
                {
                    "spelling": "paedophile",
                    "explanation": [
                        {
                            "theory": "",
                            "chord": "P",
                            "description": "p"
                        },
                        {
                            "theory": "Lapwing?",
                            "chord": "ea",
                            "description": "ue vowel spelt ae"
                        },
                        {
                            "theory": "",
                            "chord": "/",
                            "description": ""
                        },
                        {
                            "theory": "",
                            "chord": "SCP",
                            "description": "d"
                        },
                        {
                            "theory": "",
                            "chord": "ie",
                            "description": "o"
                        },
                        {
                            "theory": "",
                            "chord": "/",
                            "description": ""
                        },
                        {
                            "theory": "",
                            "chord": "F",
                            "description": "ph pronounced f"
                        },
                        {
                            "theory": "",
                            "chord": "ui",
                            "description": "ui vowel"
                        },
                        {
                            "theory": "",
                            "chord": "ncs",
                            "description": "le"
                        }
                    ]
                }
            ]
        }
    },
    "Peas": {
        "ambiguity": {
            "2": [
                {
                    "spelling": "peace",
                    "explanation": [
                        {
                            "theory": "",
                            "chord": "P",
                            "description": "p"
                        },
                        {
                            "theory": "",
                            "chord": "ea",
                            "description": "ue vowel spelt ea (first stroke only)"
                        },
                        {
                            "theory": "",
                            "chord": "s",
                            "description": "unvoiced s spelt c"
                        }
                    ]
                }
            ]
        }
    },
    "Pea/SPepcs": {
        "ambiguity": {
            "4": [
                {
                    "spelling": "peached",
                    "explanation": [
                        {
                            "theory": "",
                            "chord": "P",
                            "description": "p"
                        },
                        {
                            "theory": "",
                            "chord": "ea",
                            "description": "ue vowel spelt ea (first stroke only)"
                        },
                        {
                            "theory": "",
                            "chord": "/",
                            "description": ""
                        },
                        {
                            "theory": "",
                            "chord": "SP",
                            "description": "ch"
                        },
                        {
                            "theory": "Harri",
                            "chord": "E",
                            "description": "silent e"
                        },
                        {
                            "theory": "",
                            "chord": "pcs",
                            "description": "suffix -ed"
                        }
                    ]
                }
            ]
        }
    },
    "Pea/SPenz": {
        "ambiguity": {
            "3": [
                {
                    "spelling": "peachey",
                    "explanation": [
                        {
                            "theory": "",
                            "chord": "P",
                            "description": "p"
                        },
                        {
                            "theory": "",
                            "chord": "ea",
                            "description": "ue vowel spelt ea (first stroke only)"
                        },
                        {
                            "theory": "",
                            "chord": "/",
                            "description": ""
                        },
                        {
                            "theory": "",
                            "chord": "SP",
                            "description": "ch"
                        },
                        {
                            "theory": "Harri",
                            "chord": "E",
                            "description": "silent e"
                        },
                        {
                            "theory": "",
                            "chord": "nz",
                            "description": "y pronounced i diphthong"
                        }
                    ]
                }
            ]
        }
    },
    "Peaps": {
        "ambiguity": {
            "1": [
                {
                    "spelling": "peach",
                    "explanation": [
                        {
                            "theory": "",
                            "chord": "P",
                            "description": "p"
                        },
                        {
                            "theory": "",
                            "chord": "ea",
                            "description": "ue vowel spelt ea (first stroke only)"
                        },
                        {
                            "theory": "?",
                            "chord": "ps",
                            "description": "ch"
                        }
                    ]
                }
            ]
        }
    },
    "Pea/CPepcs": {
        "ambiguity": {
            "4": [
                {
                    "spelling": "peaked",
                    "explanation": [
                        {
                            "theory": "",
                            "chord": "P",
                            "description": "p"
                        },
                        {
                            "theory": "",
                            "chord": "ea",
                            "description": "ue vowel spelt ea (first stroke only)"
                        },
                        {
                            "theory": "",
                            "chord": "/",
                            "description": ""
                        },
                        {
                            "theory": "",
                            "chord": "CP",
                            "description": "k"
                        },
                        {
                            "theory": "Harri",
                            "chord": "E",
                            "description": "silent e"
                        },
                        {
                            "theory": "",
                            "chord": "pcs",
                            "description": "suffix -ed"
                        }
                    ]
                }
            ]
        }
    },
    "Pea/SCNepcs": {
        "ambiguity": {
            "4": [
                {
                    "spelling": "pealed",
                    "explanation": [
                        {
                            "theory": "",
                            "chord": "P",
                            "description": "p"
                        },
                        {
                            "theory": "",
                            "chord": "ea",
                            "description": "ue vowel spelt ea (first stroke only)"
                        },
                        {
                            "theory": "",
                            "chord": "/",
                            "description": ""
                        },
                        {
                            "theory": "",
                            "chord": "SCN",
                            "description": "l"
                        },
                        {
                            "theory": "Harri",
                            "chord": "E",
                            "description": "silent e"
                        },
                        {
                            "theory": "",
                            "chord": "pcs",
                            "description": "suffix -ed"
                        }
                    ]
                }
            ]
        }
    },
    "Peancs": {
        "ambiguity": {
            "1": [
                {
                    "spelling": "peal",
                    "explanation": [
                        {
                            "theory": "",
                            "chord": "P",
                            "description": "p"
                        },
                        {
                            "theory": "",
                            "chord": "ea",
                            "description": "ue vowel spelt ea (first stroke only)"
                        },
                        {
                            "theory": "",
                            "chord": "ncs",
                            "description": "l"
                        }
                    ]
                }
            ]
        }
    },
    "Peancf": {
        "ambiguity": {
            "1": [
                {
                    "spelling": "pear",
                    "explanation": [
                        {
                            "theory": "",
                            "chord": "P",
                            "description": "p"
                        },
                        {
                            "theory": "?",
                            "chord": "ea",
                            "description": "ua vowel spelt ea (first stroke only)"
                        },
                        {
                            "theory": "",
                            "chord": "ncf",
                            "description": "r"
                        }
                    ]
                }
            ]
        }
    },
    "Pea/Zanzf": {
        "ambiguity": {
            "3": [
                {
                    "spelling": "peasant",
                    "explanation": [
                        {
                            "theory": "",
                            "chord": "P",
                            "description": "p"
                        },
                        {
                            "theory": "",
                            "chord": "ea",
                            "description": "ea pronounced short e (first stroke only)"
                        },
                        {
                            "theory": "",
                            "chord": "/",
                            "description": ""
                        },
                        {
                            "theory": "",
                            "chord": "Z",
                            "description": "s pronounced z"
                        },
                        {
                            "theory": "Harri",
                            "chord": "A",
                            "description": "silent a"
                        },
                        {
                            "theory": "",
                            "chord": "nzf",
                            "description": "nt"
                        }
                    ]
                }
            ]
        }
    },
    "Peaz": {
        "ambiguity": {
            "1": [
                {
                    "spelling": "pease",
                    "explanation": [
                        {
                            "theory": "",
                            "chord": "P",
                            "description": "p"
                        },
                        {
                            "theory": "",
                            "chord": "ea",
                            "description": "ue vowel spelt ea (first stroke only)"
                        },
                        {
                            "theory": "",
                            "chord": "z",
                            "description": "s voiced"
                        }
                    ]
                }
            ]
        }
    },
    "Pea/FPepcs": {
        "ambiguity": {
            "4": [
                {
                    "spelling": "peated",
                    "explanation": [
                        {
                            "theory": "",
                            "chord": "P",
                            "description": "p"
                        },
                        {
                            "theory": "",
                            "chord": "ea",
                            "description": "ue vowel spelt ea (first stroke only)"
                        },
                        {
                            "theory": "",
                            "chord": "/",
                            "description": ""
                        },
                        {
                            "theory": "",
                            "chord": "FP",
                            "description": "t"
                        },
                        {
                            "theory": "Harri",
                            "chord": "E",
                            "description": "silent e"
                        },
                        {
                            "theory": "",
                            "chord": "pcs",
                            "description": "suffix -ed"
                        }
                    ]
                }
            ]
        }
    },
    "Pea/FPincf": {
        "ambiguity": {
            "4": [
                {
                    "spelling": "peatier",
                    "explanation": [
                        {
                            "theory": "",
                            "chord": "P",
                            "description": "p"
                        },
                        {
                            "theory": "",
                            "chord": "ea",
                            "description": "ue vowel spelt ea (first stroke only)"
                        },
                        {
                            "theory": "",
                            "chord": "/",
                            "description": ""
                        },
                        {
                            "theory": "",
                            "chord": "FP",
                            "description": "t"
                        },
                        {
                            "theory": "",
                            "chord": "i",
                            "description": "suffix -y"
                        },
                        {
                            "theory": "Harri",
                            "chord": "ncf",
                            "description": "suffix -er"
                        }
                    ]
                }
            ]
        }
    },
    "Peapf": {
        "ambiguity": {
            "1": [
                {
                    "spelling": "peat",
                    "explanation": [
                        {
                            "theory": "",
                            "chord": "P",
                            "description": "p"
                        },
                        {
                            "theory": "",
                            "chord": "ea",
                            "description": "ue vowel spelt ea (first stroke only)"
                        },
                        {
                            "theory": "",
                            "chord": "pf",
                            "description": "t"
                        }
                    ]
                }
            ]
        }
    }
}