{
    "PUaps": {
        "ambiguity": {
            "1": [
                {
                    "spelling": "poach",
                    "explanation": [
                        {
                            "theory": "",
                            "chord": "P",
                            "description": "p"
                        },
                        {
                            "theory": "Harri",
                            "chord": "U",
                            "description": "uie vowel"
                        },
                        {
                            "theory": "Harri",
                            "chord": "A",
                            "description": "silent a"
                        },
                        {
                            "theory": "?",
                            "chord": "ps",
                            "description": "ch"
                        }
                    ]
                }
            ]
        }
    }
}