{
    "Naf": {
        "ambiguity": {
            "0": [
                {
                    "spelling": "naff",
                    "explanation": [
                        {
                            "theory": "",
                            "chord": "N",
                            "description": "n"
                        },
                        {
                            "theory": "",
                            "chord": "a",
                            "description": "short a"
                        },
                        {
                            "theory": "",
                            "chord": "f",
                            "description": "f"
                        }
                    ]
                }
            ]
        }
    }
}