{
    "uencf": {
        "ambiguity": {
            "4": [
                {
                    "spelling": "ear",
                    "explanation": [
                        {
                            "theory": "",
                            "chord": "ue",
                            "description": "ue vowel"
                        },
                        {
                            "theory": "Harri",
                            "chord": "ncf",
                            "description": "ar???"
                        }
                    ]
                }
            ]
        }
    },
    "uencs": {
        "ambiguity": {
            "0": [
                {
                    "spelling": "eel",
                    "explanation": [
                        {
                            "theory": "",
                            "chord": "ue",
                            "description": "ue vowel"
                        },
                        {
                            "theory": "",
                            "chord": "ncs",
                            "description": "l"
                        }
                    ]
                }
            ],
            "1": [
                {
                    "spelling": "il",
                    "explanation": [
                        {
                            "theory": "",
                            "chord": "ue",
                            "description": "ue vowel"
                        },
                        {
                            "theory": "",
                            "chord": "ncs",
                            "description": "l"
                        }
                    ]
                }
            ]
        }
    }
}