{
    "PXepcs": {
        "ambiguity": {
            "7": [
                {
                    "spelling": "paced",
                    "explanation": [
                        {
                            "theory": "",
                            "chord": "P",
                            "description": "p"
                        },
                        {
                            "theory": "",
                            "chord": "",
                            "description": "drop long vowel"
                        },
                        {
                            "theory": "",
                            "chord": "X",
                            "description": "c pronounced s"
                        },
                        {
                            "theory": "Harri",
                            "chord": "E",
                            "description": "silent e"
                        },
                        {
                            "theory": "",
                            "chord": "pcs",
                            "description": "suffix -ed"
                        }
                    ]
                },
                {
                    "spelling": "posed",
                    "explanation": [
                        {
                            "theory": "",
                            "chord": "P",
                            "description": "p"
                        },
                        {
                            "theory": "",
                            "chord": "",
                            "description": "drop long vowel"
                        },
                        {
                            "theory": "",
                            "chord": "X",
                            "description": "s pronounced z"
                        },
                        {
                            "theory": "Harri",
                            "chord": "E",
                            "description": "silent e"
                        },
                        {
                            "theory": "",
                            "chord": "pcs",
                            "description": "suffix -ed"
                        }
                    ]
                }
            ],
            "5": [
                {
                    "spelling": "passed",
                    "explanation": [
                        {
                            "theory": "",
                            "chord": "P",
                            "description": "p"
                        },
                        {
                            "theory": "",
                            "chord": "",
                            "description": "drop short vowel"
                        },
                        {
                            "theory": "",
                            "chord": "X",
                            "description": "s"
                        },
                        {
                            "theory": "Harri",
                            "chord": "E",
                            "description": "silent e"
                        },
                        {
                            "theory": "",
                            "chord": "pcs",
                            "description": "suffix -ed"
                        }
                    ]
                },
                {
                    "spelling": "pissed",
                    "explanation": [
                        {
                            "theory": "",
                            "chord": "P",
                            "description": "p"
                        },
                        {
                            "theory": "",
                            "chord": "",
                            "description": "drop short vowel"
                        },
                        {
                            "theory": "",
                            "chord": "X",
                            "description": "s"
                        },
                        {
                            "theory": "Harri",
                            "chord": "E",
                            "description": "silent e"
                        },
                        {
                            "theory": "",
                            "chord": "pcs",
                            "description": "suffix -ed"
                        }
                    ]
                }
            ]
        }
    },
    "PXen/ZPencf": {
        "ambiguity": {
            "3": [
                {
                    "spelling": "passenger",
                    "explanation": [
                        {
                            "theory": "",
                            "chord": "P",
                            "description": "p"
                        },
                        {
                            "theory": "",
                            "chord": "",
                            "description": "drop short vowel"
                        },
                        {
                            "theory": "",
                            "chord": "X",
                            "description": "s"
                        },
                        {
                            "theory": "",
                            "chord": "e",
                            "description": "e"
                        },
                        {
                            "theory": "",
                            "chord": "n",
                            "description": "n"
                        },
                        {
                            "theory": "",
                            "chord": "/",
                            "description": ""
                        },
                        {
                            "theory": "",
                            "chord": "ZP",
                            "description": "j sound"
                        },
                        {
                            "theory": "",
                            "chord": "e",
                            "description": "e"
                        },
                        {
                            "theory": "",
                            "chord": "ncf",
                            "description": "r"
                        }
                    ]
                }
            ]
        }
    },
    "PXenz": {
        "ambiguity": {
            "6": [
                {
                    "spelling": "posey",
                    "explanation": [
                        {
                            "theory": "",
                            "chord": "P",
                            "description": "p"
                        },
                        {
                            "theory": "",
                            "chord": "",
                            "description": "drop long vowel"
                        },
                        {
                            "theory": "",
                            "chord": "X",
                            "description": "s pronounced z"
                        },
                        {
                            "theory": "Harri",
                            "chord": "E",
                            "description": "silent e"
                        },
                        {
                            "theory": "",
                            "chord": "nz",
                            "description": "y pronounced i diphthong"
                        }
                    ]
                }
            ]
        }
    },
    "PXe": {
        "ambiguity": {
            "2": [
                {
                    "spelling": "posse",
                    "explanation": [
                        {
                            "theory": "",
                            "chord": "P",
                            "description": "p"
                        },
                        {
                            "theory": "",
                            "chord": "",
                            "description": "drop short vowel"
                        },
                        {
                            "theory": "",
                            "chord": "X",
                            "description": "s"
                        },
                        {
                            "theory": "",
                            "chord": "e",
                            "description": "EU vowel spelt e"
                        }
                    ]
                }
            ]
        }
    },
    "PXe/Sepcs": {
        "ambiguity": {
            "6": [
                {
                    "spelling": "possessed",
                    "explanation": [
                        {
                            "theory": "",
                            "chord": "P",
                            "description": "p"
                        },
                        {
                            "theory": "",
                            "chord": "",
                            "description": "drop short vowel"
                        },
                        {
                            "theory": "",
                            "chord": "X",
                            "description": "s pronounced z"
                        },
                        {
                            "theory": "",
                            "chord": "e",
                            "description": "e"
                        },
                        {
                            "theory": "",
                            "chord": "/",
                            "description": ""
                        },
                        {
                            "theory": "",
                            "chord": "S",
                            "description": "s"
                        },
                        {
                            "theory": "Harri",
                            "chord": "E",
                            "description": "silent e"
                        },
                        {
                            "theory": "",
                            "chord": "pcs",
                            "description": "suffix -ed"
                        }
                    ]
                }
            ]
        }
    },
    "PXe/FPepcs": {
        "ambiguity": {
            "5": [
                {
                    "spelling": "posseted",
                    "explanation": [
                        {
                            "theory": "",
                            "chord": "P",
                            "description": "p"
                        },
                        {
                            "theory": "",
                            "chord": "",
                            "description": "drop short vowel"
                        },
                        {
                            "theory": "",
                            "chord": "X",
                            "description": "s"
                        },
                        {
                            "theory": "",
                            "chord": "e",
                            "description": "e"
                        },
                        {
                            "theory": "",
                            "chord": "/",
                            "description": ""
                        },
                        {
                            "theory": "",
                            "chord": "FP",
                            "description": "t"
                        },
                        {
                            "theory": "Harri",
                            "chord": "E",
                            "description": "silent e"
                        },
                        {
                            "theory": "",
                            "chord": "pcs",
                            "description": "suffix -ed"
                        }
                    ]
                }
            ]
        }
    },
    "PXepf": {
        "ambiguity": {
            "2": [
                {
                    "spelling": "posset",
                    "explanation": [
                        {
                            "theory": "",
                            "chord": "P",
                            "description": "p"
                        },
                        {
                            "theory": "",
                            "chord": "",
                            "description": "drop short vowel"
                        },
                        {
                            "theory": "",
                            "chord": "X",
                            "description": "s"
                        },
                        {
                            "theory": "",
                            "chord": "e",
                            "description": "e"
                        },
                        {
                            "theory": "",
                            "chord": "pf",
                            "description": "t"
                        }
                    ]
                }
            ]
        }
    }
}