{
    "FUe/SCNepcs": {
        "ambiguity": {
            "3": [
                {
                    "spelling": "fueled",
                    "explanation": [
                        {
                            "theory": "",
                            "chord": "F",
                            "description": "f"
                        },
                        {
                            "theory": "",
                            "chord": "U",
                            "description": "long u"
                        },
                        {
                            "theory": "",
                            "chord": "e",
                            "description": "e"
                        },
                        {
                            "theory": "",
                            "chord": "/",
                            "description": ""
                        },
                        {
                            "theory": "",
                            "chord": "SCN",
                            "description": "l"
                        },
                        {
                            "theory": "Harri",
                            "chord": "E",
                            "description": "silent e"
                        },
                        {
                            "theory": "",
                            "chord": "pcs",
                            "description": "suffix -ed"
                        }
                    ]
                },
                {
                    "spelling": "fuelled",
                    "explanation": [
                        {
                            "theory": "",
                            "chord": "F",
                            "description": "f"
                        },
                        {
                            "theory": "",
                            "chord": "U",
                            "description": "long u"
                        },
                        {
                            "theory": "",
                            "chord": "e",
                            "description": "e"
                        },
                        {
                            "theory": "",
                            "chord": "/",
                            "description": ""
                        },
                        {
                            "theory": "",
                            "chord": "SCN",
                            "description": "l"
                        },
                        {
                            "theory": "Harri",
                            "chord": "E",
                            "description": "silent e"
                        },
                        {
                            "theory": "",
                            "chord": "pcs",
                            "description": "suffix -ed"
                        }
                    ]
                }
            ]
        }
    },
    "FUencs": {
        "ambiguity": {
            "0": [
                {
                    "spelling": "fuel",
                    "explanation": [
                        {
                            "theory": "",
                            "chord": "F",
                            "description": "f"
                        },
                        {
                            "theory": "",
                            "chord": "U",
                            "description": "long u"
                        },
                        {
                            "theory": "",
                            "chord": "e",
                            "description": "e"
                        },
                        {
                            "theory": "",
                            "chord": "ncs",
                            "description": "l"
                        }
                    ]
                }
            ]
        }
    }
}