{
    "up": {
        "ambiguity": {
            "0": [
                {
                    "spelling": "up",
                    "explanation": [
                        {
                            "theory": "",
                            "chord": "u",
                            "description": "u"
                        },
                        {
                            "theory": "",
                            "chord": "p",
                            "description": "p"
                        }
                    ]
                }
            ]
        }
    }
}