{
    "us": {
        "ambiguity": {
            "0": [
                {
                    "spelling": "us",
                    "explanation": [
                        {
                            "theory": "",
                            "chord": "u",
                            "description": "u"
                        },
                        {
                            "theory": "",
                            "chord": "s",
                            "description": "unvoiced s"
                        }
                    ]
                }
            ]
        }
    }
}