{
    "ips": {
        "ambiguity": {
            "0": [
                {
                    "spelling": "itch",
                    "explanation": [
                        {
                            "theory": "",
                            "chord": "i",
                            "description": "i"
                        },
                        {
                            "theory": "",
                            "chord": "ps",
                            "description": "tch"
                        }
                    ]
                }
            ]
        }
    }
}