{
    "Pecf": {
        "ambiguity": {
            "0": [
                {
                    "spelling": "pest",
                    "explanation": [
                        {
                            "theory": "",
                            "chord": "P",
                            "description": "p"
                        },
                        {
                            "theory": "",
                            "chord": "e",
                            "description": "e"
                        },
                        {
                            "theory": "",
                            "chord": "cf",
                            "description": "st!"
                        }
                    ]
                }
            ]
        }
    }
}