{
    "Fiz/ZNiepzf/NRUicf": {
        "ambiguity": {
            "4": [
                {
                    "spelling": "physiognomist",
                    "explanation": [
                        {
                            "theory": "",
                            "chord": "F",
                            "description": "ph pronounced f"
                        },
                        {
                            "theory": "",
                            "chord": "i",
                            "description": "y"
                        },
                        {
                            "theory": "",
                            "chord": "z",
                            "description": "s voiced"
                        },
                        {
                            "theory": "",
                            "chord": "/",
                            "description": ""
                        },
                        {
                            "theory": "",
                            "chord": "ZN",
                            "description": "i"
                        },
                        {
                            "theory": "",
                            "chord": "ie",
                            "description": "o"
                        },
                        {
                            "theory": "",
                            "chord": "pzf",
                            "description": "g"
                        },
                        {
                            "theory": "",
                            "chord": "/",
                            "description": ""
                        },
                        {
                            "theory": "",
                            "chord": "N",
                            "description": "n"
                        },
                        {
                            "theory": "",
                            "chord": "",
                            "description": "drop short vowel"
                        },
                        {
                            "theory": "",
                            "chord": "RU",
                            "description": "m"
                        },
                        {
                            "theory": "",
                            "chord": "i",
                            "description": "i"
                        },
                        {
                            "theory": "",
                            "chord": "cf",
                            "description": "st!"
                        }
                    ]
                }
            ]
        }
    },
    "Fiz/ZNie/FZPXUie/SZPicf": {
        "ambiguity": {
            "2": [
                {
                    "spelling": "physiognomist",
                    "explanation": [
                        {
                            "theory": "",
                            "chord": "F",
                            "description": "ph pronounced f"
                        },
                        {
                            "theory": "",
                            "chord": "i",
                            "description": "y"
                        },
                        {
                            "theory": "",
                            "chord": "z",
                            "description": "s voiced"
                        },
                        {
                            "theory": "",
                            "chord": "/",
                            "description": ""
                        },
                        {
                            "theory": "",
                            "chord": "ZN",
                            "description": "i"
                        },
                        {
                            "theory": "",
                            "chord": "ie",
                            "description": "o"
                        },
                        {
                            "theory": "",
                            "chord": "/",
                            "description": ""
                        },
                        {
                            "theory": "",
                            "chord": "TKPW",
                            "description": "g"
                        },
                        {
                            "theory": "",
                            "chord": "TPH",
                            "description": "n"
                        },
                        {
                            "theory": "",
                            "chord": "ie",
                            "description": "o"
                        },
                        {
                            "theory": "",
                            "chord": "/",
                            "description": ""
                        },
                        {
                            "theory": "",
                            "chord": "SZP",
                            "description": "m"
                        },
                        {
                            "theory": "",
                            "chord": "i",
                            "description": "i"
                        },
                        {
                            "theory": "",
                            "chord": "cf",
                            "description": "st!"
                        }
                    ]
                }
            ]
        }
    },
    "Fiz/ZNiepzf/Nie/SZPicf": {
        "ambiguity": {
            "2": [
                {
                    "spelling": "physiognomist",
                    "explanation": [
                        {
                            "theory": "",
                            "chord": "F",
                            "description": "ph pronounced f"
                        },
                        {
                            "theory": "",
                            "chord": "i",
                            "description": "y"
                        },
                        {
                            "theory": "",
                            "chord": "z",
                            "description": "s voiced"
                        },
                        {
                            "theory": "",
                            "chord": "/",
                            "description": ""
                        },
                        {
                            "theory": "",
                            "chord": "ZN",
                            "description": "i"
                        },
                        {
                            "theory": "",
                            "chord": "ie",
                            "description": "o"
                        },
                        {
                            "theory": "",
                            "chord": "pzf",
                            "description": "g"
                        },
                        {
                            "theory": "",
                            "chord": "/",
                            "description": ""
                        },
                        {
                            "theory": "",
                            "chord": "N",
                            "description": "n"
                        },
                        {
                            "theory": "",
                            "chord": "ie",
                            "description": "o"
                        },
                        {
                            "theory": "",
                            "chord": "/",
                            "description": ""
                        },
                        {
                            "theory": "",
                            "chord": "SZP",
                            "description": "m"
                        },
                        {
                            "theory": "",
                            "chord": "i",
                            "description": "i"
                        },
                        {
                            "theory": "",
                            "chord": "cf",
                            "description": "st!"
                        }
                    ]
                }
            ]
        }
    },
    "Fiz/ZNie/FZPRa/Fencf": {
        "ambiguity": {
            "3": [
                {
                    "spelling": "physiographer",
                    "explanation": [
                        {
                            "theory": "",
                            "chord": "F",
                            "description": "ph pronounced f"
                        },
                        {
                            "theory": "",
                            "chord": "i",
                            "description": "y"
                        },
                        {
                            "theory": "",
                            "chord": "z",
                            "description": "s voiced"
                        },
                        {
                            "theory": "",
                            "chord": "/",
                            "description": ""
                        },
                        {
                            "theory": "",
                            "chord": "ZN",
                            "description": "i"
                        },
                        {
                            "theory": "",
                            "chord": "ie",
                            "description": "o"
                        },
                        {
                            "theory": "",
                            "chord": "/",
                            "description": ""
                        },
                        {
                            "theory": "",
                            "chord": "TKPW",
                            "description": "g"
                        },
                        {
                            "theory": "",
                            "chord": "R",
                            "description": "r"
                        },
                        {
                            "theory": "",
                            "chord": "a",
                            "description": "short a"
                        },
                        {
                            "theory": "",
                            "chord": "/",
                            "description": ""
                        },
                        {
                            "theory": "",
                            "chord": "F",
                            "description": "ph pronounced f"
                        },
                        {
                            "theory": "",
                            "chord": "e",
                            "description": "e"
                        },
                        {
                            "theory": "",
                            "chord": "ncf",
                            "description": "r"
                        }
                    ]
                }
            ]
        }
    },
    "Fiz/ZNiepzf/FCNa/Fencf": {
        "ambiguity": {
            "3": [
                {
                    "spelling": "physiographer",
                    "explanation": [
                        {
                            "theory": "",
                            "chord": "F",
                            "description": "ph pronounced f"
                        },
                        {
                            "theory": "",
                            "chord": "i",
                            "description": "y"
                        },
                        {
                            "theory": "",
                            "chord": "z",
                            "description": "s voiced"
                        },
                        {
                            "theory": "",
                            "chord": "/",
                            "description": ""
                        },
                        {
                            "theory": "",
                            "chord": "ZN",
                            "description": "i"
                        },
                        {
                            "theory": "",
                            "chord": "ie",
                            "description": "o"
                        },
                        {
                            "theory": "",
                            "chord": "pzf",
                            "description": "g"
                        },
                        {
                            "theory": "",
                            "chord": "/",
                            "description": ""
                        },
                        {
                            "theory": "",
                            "chord": "FCN",
                            "description": "r"
                        },
                        {
                            "theory": "",
                            "chord": "a",
                            "description": "short a"
                        },
                        {
                            "theory": "",
                            "chord": "/",
                            "description": ""
                        },
                        {
                            "theory": "",
                            "chord": "F",
                            "description": "ph pronounced f"
                        },
                        {
                            "theory": "",
                            "chord": "e",
                            "description": "e"
                        },
                        {
                            "theory": "",
                            "chord": "ncf",
                            "description": "r"
                        }
                    ]
                }
            ]
        }
    },
    "Fiz/ZNRIie/ZPXIUancs": {
        "ambiguity": {
            "9": [
                {
                    "spelling": "physiological",
                    "explanation": [
                        {
                            "theory": "",
                            "chord": "F",
                            "description": "ph pronounced f"
                        },
                        {
                            "theory": "",
                            "chord": "i",
                            "description": "y"
                        },
                        {
                            "theory": "",
                            "chord": "z",
                            "description": "s voiced"
                        },
                        {
                            "theory": "",
                            "chord": "/",
                            "description": ""
                        },
                        {
                            "theory": "",
                            "chord": "ZN",
                            "description": "i"
                        },
                        {
                            "theory": "",
                            "chord": "",
                            "description": "drop short vowel"
                        },
                        {
                            "theory": "",
                            "chord": "RI",
                            "description": "l"
                        },
                        {
                            "theory": "",
                            "chord": "ie",
                            "description": "o"
                        },
                        {
                            "theory": "",
                            "chord": "/",
                            "description": ""
                        },
                        {
                            "theory": "",
                            "chord": "ZP",
                            "description": "j sound"
                        },
                        {
                            "theory": "",
                            "chord": "",
                            "description": "drop short vowel"
                        },
                        {
                            "theory": "",
                            "chord": "XIU",
                            "description": "c pronounced k"
                        },
                        {
                            "theory": "Harri",
                            "chord": "A",
                            "description": "silent a"
                        },
                        {
                            "theory": "",
                            "chord": "ncs",
                            "description": "suffix -l"
                        }
                    ]
                }
            ]
        }
    },
    "Fiz/ZNRIie/ZPi/CPancs": {
        "ambiguity": {
            "7": [
                {
                    "spelling": "physiological",
                    "explanation": [
                        {
                            "theory": "",
                            "chord": "F",
                            "description": "ph pronounced f"
                        },
                        {
                            "theory": "",
                            "chord": "i",
                            "description": "y"
                        },
                        {
                            "theory": "",
                            "chord": "z",
                            "description": "s voiced"
                        },
                        {
                            "theory": "",
                            "chord": "/",
                            "description": ""
                        },
                        {
                            "theory": "",
                            "chord": "ZN",
                            "description": "i"
                        },
                        {
                            "theory": "",
                            "chord": "",
                            "description": "drop short vowel"
                        },
                        {
                            "theory": "",
                            "chord": "RI",
                            "description": "l"
                        },
                        {
                            "theory": "",
                            "chord": "ie",
                            "description": "o"
                        },
                        {
                            "theory": "",
                            "chord": "/",
                            "description": ""
                        },
                        {
                            "theory": "",
                            "chord": "ZP",
                            "description": "j sound"
                        },
                        {
                            "theory": "",
                            "chord": "i",
                            "description": "i"
                        },
                        {
                            "theory": "",
                            "chord": "/",
                            "description": ""
                        },
                        {
                            "theory": "",
                            "chord": "CP",
                            "description": "c pronounced k"
                        },
                        {
                            "theory": "Harri",
                            "chord": "A",
                            "description": "silent a"
                        },
                        {
                            "theory": "",
                            "chord": "ncs",
                            "description": "suffix -l"
                        }
                    ]
                }
            ]
        }
    },
    "Fiz/ZNie/SCNie/ZPXIUancs": {
        "ambiguity": {
            "7": [
                {
                    "spelling": "physiological",
                    "explanation": [
                        {
                            "theory": "",
                            "chord": "F",
                            "description": "ph pronounced f"
                        },
                        {
                            "theory": "",
                            "chord": "i",
                            "description": "y"
                        },
                        {
                            "theory": "",
                            "chord": "z",
                            "description": "s voiced"
                        },
                        {
                            "theory": "",
                            "chord": "/",
                            "description": ""
                        },
                        {
                            "theory": "",
                            "chord": "ZN",
                            "description": "i"
                        },
                        {
                            "theory": "",
                            "chord": "ie",
                            "description": "o"
                        },
                        {
                            "theory": "",
                            "chord": "/",
                            "description": ""
                        },
                        {
                            "theory": "",
                            "chord": "SCN",
                            "description": "l"
                        },
                        {
                            "theory": "",
                            "chord": "ie",
                            "description": "o"
                        },
                        {
                            "theory": "",
                            "chord": "/",
                            "description": ""
                        },
                        {
                            "theory": "",
                            "chord": "ZP",
                            "description": "j sound"
                        },
                        {
                            "theory": "",
                            "chord": "",
                            "description": "drop short vowel"
                        },
                        {
                            "theory": "",
                            "chord": "XIU",
                            "description": "c pronounced k"
                        },
                        {
                            "theory": "Harri",
                            "chord": "A",
                            "description": "silent a"
                        },
                        {
                            "theory": "",
                            "chord": "ncs",
                            "description": "suffix -l"
                        }
                    ]
                }
            ]
        }
    },
    "Fiz/ZNie/SCNie/ZPi/CPancs": {
        "ambiguity": {
            "5": [
                {
                    "spelling": "physiological",
                    "explanation": [
                        {
                            "theory": "",
                            "chord": "F",
                            "description": "ph pronounced f"
                        },
                        {
                            "theory": "",
                            "chord": "i",
                            "description": "y"
                        },
                        {
                            "theory": "",
                            "chord": "z",
                            "description": "s voiced"
                        },
                        {
                            "theory": "",
                            "chord": "/",
                            "description": ""
                        },
                        {
                            "theory": "",
                            "chord": "ZN",
                            "description": "i"
                        },
                        {
                            "theory": "",
                            "chord": "ie",
                            "description": "o"
                        },
                        {
                            "theory": "",
                            "chord": "/",
                            "description": ""
                        },
                        {
                            "theory": "",
                            "chord": "SCN",
                            "description": "l"
                        },
                        {
                            "theory": "",
                            "chord": "ie",
                            "description": "o"
                        },
                        {
                            "theory": "",
                            "chord": "/",
                            "description": ""
                        },
                        {
                            "theory": "",
                            "chord": "ZP",
                            "description": "j sound"
                        },
                        {
                            "theory": "",
                            "chord": "i",
                            "description": "i"
                        },
                        {
                            "theory": "",
                            "chord": "/",
                            "description": ""
                        },
                        {
                            "theory": "",
                            "chord": "CP",
                            "description": "c pronounced k"
                        },
                        {
                            "theory": "Harri",
                            "chord": "A",
                            "description": "silent a"
                        },
                        {
                            "theory": "",
                            "chord": "ncs",
                            "description": "suffix -l"
                        }
                    ]
                }
            ]
        }
    },
    "Fiz/ZNRIie/ZPicf": {
        "ambiguity": {
            "5": [
                {
                    "spelling": "physiologist",
                    "explanation": [
                        {
                            "theory": "",
                            "chord": "F",
                            "description": "ph pronounced f"
                        },
                        {
                            "theory": "",
                            "chord": "i",
                            "description": "y"
                        },
                        {
                            "theory": "",
                            "chord": "z",
                            "description": "s voiced"
                        },
                        {
                            "theory": "",
                            "chord": "/",
                            "description": ""
                        },
                        {
                            "theory": "",
                            "chord": "ZN",
                            "description": "i"
                        },
                        {
                            "theory": "",
                            "chord": "",
                            "description": "drop short vowel"
                        },
                        {
                            "theory": "",
                            "chord": "RI",
                            "description": "l"
                        },
                        {
                            "theory": "",
                            "chord": "ie",
                            "description": "o"
                        },
                        {
                            "theory": "",
                            "chord": "/",
                            "description": ""
                        },
                        {
                            "theory": "",
                            "chord": "ZP",
                            "description": "j sound"
                        },
                        {
                            "theory": "",
                            "chord": "i",
                            "description": "i"
                        },
                        {
                            "theory": "",
                            "chord": "cf",
                            "description": "st!"
                        }
                    ]
                }
            ]
        }
    },
    "Fiz/ZNie/SCNie/ZPicf": {
        "ambiguity": {
            "3": [
                {
                    "spelling": "physiologist",
                    "explanation": [
                        {
                            "theory": "",
                            "chord": "F",
                            "description": "ph pronounced f"
                        },
                        {
                            "theory": "",
                            "chord": "i",
                            "description": "y"
                        },
                        {
                            "theory": "",
                            "chord": "z",
                            "description": "s voiced"
                        },
                        {
                            "theory": "",
                            "chord": "/",
                            "description": ""
                        },
                        {
                            "theory": "",
                            "chord": "ZN",
                            "description": "i"
                        },
                        {
                            "theory": "",
                            "chord": "ie",
                            "description": "o"
                        },
                        {
                            "theory": "",
                            "chord": "/",
                            "description": ""
                        },
                        {
                            "theory": "",
                            "chord": "SCN",
                            "description": "l"
                        },
                        {
                            "theory": "",
                            "chord": "ie",
                            "description": "o"
                        },
                        {
                            "theory": "",
                            "chord": "/",
                            "description": ""
                        },
                        {
                            "theory": "",
                            "chord": "ZP",
                            "description": "j sound"
                        },
                        {
                            "theory": "",
                            "chord": "i",
                            "description": "i"
                        },
                        {
                            "theory": "",
                            "chord": "cf",
                            "description": "st!"
                        }
                    ]
                }
            ]
        }
    },
    "Fiz/ZNuie": {
        "ambiguity": {
            "2": [
                {
                    "spelling": "physio",
                    "explanation": [
                        {
                            "theory": "",
                            "chord": "F",
                            "description": "ph pronounced f"
                        },
                        {
                            "theory": "",
                            "chord": "i",
                            "description": "y"
                        },
                        {
                            "theory": "",
                            "chord": "z",
                            "description": "s voiced"
                        },
                        {
                            "theory": "",
                            "chord": "/",
                            "description": ""
                        },
                        {
                            "theory": "",
                            "chord": "ZN",
                            "description": "i"
                        },
                        {
                            "theory": "",
                            "chord": "uie",
                            "description": "uie vowel"
                        }
                    ]
                }
            ]
        }
    },
    "Fiz/ZNuie/FZRa/Picf": {
        "ambiguity": {
            "4": [
                {
                    "spelling": "physiotherapist",
                    "explanation": [
                        {
                            "theory": "",
                            "chord": "F",
                            "description": "ph pronounced f"
                        },
                        {
                            "theory": "",
                            "chord": "i",
                            "description": "y"
                        },
                        {
                            "theory": "",
                            "chord": "z",
                            "description": "s voiced"
                        },
                        {
                            "theory": "",
                            "chord": "/",
                            "description": ""
                        },
                        {
                            "theory": "",
                            "chord": "ZN",
                            "description": "i"
                        },
                        {
                            "theory": "",
                            "chord": "uie",
                            "description": "uie vowel"
                        },
                        {
                            "theory": "",
                            "chord": "/",
                            "description": ""
                        },
                        {
                            "theory": "",
                            "chord": "FZ",
                            "description": "th"
                        },
                        {
                            "theory": "",
                            "chord": "",
                            "description": "drop short vowel"
                        },
                        {
                            "theory": "",
                            "chord": "R",
                            "description": "r"
                        },
                        {
                            "theory": "",
                            "chord": "a",
                            "description": "short a"
                        },
                        {
                            "theory": "",
                            "chord": "/",
                            "description": ""
                        },
                        {
                            "theory": "",
                            "chord": "P",
                            "description": "p"
                        },
                        {
                            "theory": "",
                            "chord": "i",
                            "description": "i"
                        },
                        {
                            "theory": "",
                            "chord": "cf",
                            "description": "st!"
                        }
                    ]
                }
            ]
        }
    },
    "Fiz/ZNuie/FZe/FCNIUicf": {
        "ambiguity": {
            "4": [
                {
                    "spelling": "physiotherapist",
                    "explanation": [
                        {
                            "theory": "",
                            "chord": "F",
                            "description": "ph pronounced f"
                        },
                        {
                            "theory": "",
                            "chord": "i",
                            "description": "y"
                        },
                        {
                            "theory": "",
                            "chord": "z",
                            "description": "s voiced"
                        },
                        {
                            "theory": "",
                            "chord": "/",
                            "description": ""
                        },
                        {
                            "theory": "",
                            "chord": "ZN",
                            "description": "i"
                        },
                        {
                            "theory": "",
                            "chord": "uie",
                            "description": "uie vowel"
                        },
                        {
                            "theory": "",
                            "chord": "/",
                            "description": ""
                        },
                        {
                            "theory": "",
                            "chord": "FZ",
                            "description": "th"
                        },
                        {
                            "theory": "",
                            "chord": "e",
                            "description": "e"
                        },
                        {
                            "theory": "",
                            "chord": "/",
                            "description": ""
                        },
                        {
                            "theory": "",
                            "chord": "FCN",
                            "description": "r"
                        },
                        {
                            "theory": "",
                            "chord": "",
                            "description": "drop short vowel"
                        },
                        {
                            "theory": "",
                            "chord": "IU",
                            "description": "p"
                        },
                        {
                            "theory": "",
                            "chord": "i",
                            "description": "i"
                        },
                        {
                            "theory": "",
                            "chord": "cf",
                            "description": "st!"
                        }
                    ]
                }
            ]
        }
    },
    "Fiz/ZNuie/FZe/FCNa/Picf": {
        "ambiguity": {
            "2": [
                {
                    "spelling": "physiotherapist",
                    "explanation": [
                        {
                            "theory": "",
                            "chord": "F",
                            "description": "ph pronounced f"
                        },
                        {
                            "theory": "",
                            "chord": "i",
                            "description": "y"
                        },
                        {
                            "theory": "",
                            "chord": "z",
                            "description": "s voiced"
                        },
                        {
                            "theory": "",
                            "chord": "/",
                            "description": ""
                        },
                        {
                            "theory": "",
                            "chord": "ZN",
                            "description": "i"
                        },
                        {
                            "theory": "",
                            "chord": "uie",
                            "description": "uie vowel"
                        },
                        {
                            "theory": "",
                            "chord": "/",
                            "description": ""
                        },
                        {
                            "theory": "",
                            "chord": "FZ",
                            "description": "th"
                        },
                        {
                            "theory": "",
                            "chord": "e",
                            "description": "e"
                        },
                        {
                            "theory": "",
                            "chord": "/",
                            "description": ""
                        },
                        {
                            "theory": "",
                            "chord": "FCN",
                            "description": "r"
                        },
                        {
                            "theory": "",
                            "chord": "a",
                            "description": "short a"
                        },
                        {
                            "theory": "",
                            "chord": "/",
                            "description": ""
                        },
                        {
                            "theory": "",
                            "chord": "P",
                            "description": "p"
                        },
                        {
                            "theory": "",
                            "chord": "i",
                            "description": "i"
                        },
                        {
                            "theory": "",
                            "chord": "cf",
                            "description": "st!"
                        }
                    ]
                }
            ]
        }
    }
}