{
    "SPRIUiencf": {
        "ambiguity": {
            "3": [
                {
                    "spelling": "chador",
                    "explanation": [
                        {
                            "theory": "",
                            "chord": "SP",
                            "description": "ch"
                        },
                        {
                            "theory": "",
                            "chord": "",
                            "description": "drop short vowel"
                        },
                        {
                            "theory": "",
                            "chord": "SCP",
                            "description": "d"
                        },
                        {
                            "theory": "",
                            "chord": "ie",
                            "description": "Uu vowel spelt o"
                        },
                        {
                            "theory": "",
                            "chord": "ncf",
                            "description": "r"
                        }
                    ]
                }
            ],
            "2": [
                {
                    "spelling": "chador",
                    "explanation": [
                        {
                            "theory": "",
                            "chord": "SP",
                            "description": "ch"
                        },
                        {
                            "theory": "",
                            "chord": "",
                            "description": "drop short vowel"
                        },
                        {
                            "theory": "",
                            "chord": "SCP",
                            "description": "d"
                        },
                        {
                            "theory": "",
                            "chord": "ie",
                            "description": "o"
                        },
                        {
                            "theory": "",
                            "chord": "ncf",
                            "description": "r"
                        }
                    ]
                }
            ]
        }
    },
    "SPRIis": {
        "ambiguity": {
            "3": [
                {
                    "spelling": "chalice",
                    "explanation": [
                        {
                            "theory": "",
                            "chord": "SP",
                            "description": "ch"
                        },
                        {
                            "theory": "",
                            "chord": "",
                            "description": "drop short vowel"
                        },
                        {
                            "theory": "",
                            "chord": "RI",
                            "description": "l"
                        },
                        {
                            "theory": "",
                            "chord": "i",
                            "description": "i"
                        },
                        {
                            "theory": "",
                            "chord": "s",
                            "description": "unvoiced s spelt c"
                        }
                    ]
                }
            ]
        }
    },
    "SPRIen/ZPepcs": {
        "ambiguity": {
            "6": [
                {
                    "spelling": "challenged",
                    "explanation": [
                        {
                            "theory": "",
                            "chord": "SP",
                            "description": "ch"
                        },
                        {
                            "theory": "",
                            "chord": "",
                            "description": "drop short vowel"
                        },
                        {
                            "theory": "",
                            "chord": "RI",
                            "description": "l"
                        },
                        {
                            "theory": "",
                            "chord": "e",
                            "description": "e"
                        },
                        {
                            "theory": "",
                            "chord": "n",
                            "description": "n"
                        },
                        {
                            "theory": "",
                            "chord": "/",
                            "description": ""
                        },
                        {
                            "theory": "",
                            "chord": "ZP",
                            "description": "j sound"
                        },
                        {
                            "theory": "Harri",
                            "chord": "E",
                            "description": "silent e"
                        },
                        {
                            "theory": "",
                            "chord": "pcs",
                            "description": "suffix -ed"
                        }
                    ]
                }
            ]
        }
    },
    "SPRIens": {
        "ambiguity": {
            "3": [
                {
                    "spelling": "challenge",
                    "explanation": [
                        {
                            "theory": "",
                            "chord": "SP",
                            "description": "ch"
                        },
                        {
                            "theory": "",
                            "chord": "",
                            "description": "drop short vowel"
                        },
                        {
                            "theory": "",
                            "chord": "RI",
                            "description": "l"
                        },
                        {
                            "theory": "",
                            "chord": "e",
                            "description": "e"
                        },
                        {
                            "theory": "",
                            "chord": "ns",
                            "description": "'nge' in 'singe'"
                        }
                    ]
                }
            ]
        }
    },
    "SPRincf": {
        "ambiguity": {
            "6": [
                {
                    "spelling": "charier",
                    "explanation": [
                        {
                            "theory": "",
                            "chord": "SP",
                            "description": "ch"
                        },
                        {
                            "theory": "",
                            "chord": "",
                            "description": "drop long vowel"
                        },
                        {
                            "theory": "",
                            "chord": "R",
                            "description": "r"
                        },
                        {
                            "theory": "",
                            "chord": "i",
                            "description": "i diphthong"
                        },
                        {
                            "theory": "Harri",
                            "chord": "ncf",
                            "description": "suffix -er"
                        }
                    ]
                }
            ]
        }
    },
    "SPRepcs": {
        "ambiguity": {
            "5": [
                {
                    "spelling": "charred",
                    "explanation": [
                        {
                            "theory": "",
                            "chord": "SP",
                            "description": "ch"
                        },
                        {
                            "theory": "",
                            "chord": "",
                            "description": "drop short vowel"
                        },
                        {
                            "theory": "",
                            "chord": "R",
                            "description": "r"
                        },
                        {
                            "theory": "Harri",
                            "chord": "E",
                            "description": "silent e"
                        },
                        {
                            "theory": "",
                            "chord": "pcs",
                            "description": "suffix -ed"
                        }
                    ]
                }
            ]
        }
    },
    "SPRIUepcs": {
        "ambiguity": {
            "5": [
                {
                    "spelling": "chatted",
                    "explanation": [
                        {
                            "theory": "",
                            "chord": "SP",
                            "description": "ch"
                        },
                        {
                            "theory": "",
                            "chord": "",
                            "description": "drop short vowel"
                        },
                        {
                            "theory": "",
                            "chord": "RIU",
                            "description": "t"
                        },
                        {
                            "theory": "Harri",
                            "chord": "E",
                            "description": "silent e"
                        },
                        {
                            "theory": "",
                            "chord": "pcs",
                            "description": "suffix -ed"
                        }
                    ]
                }
            ],
            "6": [
                {
                    "spelling": "chided",
                    "explanation": [
                        {
                            "theory": "",
                            "chord": "SP",
                            "description": "ch"
                        },
                        {
                            "theory": "",
                            "chord": "",
                            "description": "drop long vowel"
                        },
                        {
                            "theory": "",
                            "chord": "SCP",
                            "description": "d"
                        },
                        {
                            "theory": "Harri",
                            "chord": "E",
                            "description": "silent e"
                        },
                        {
                            "theory": "",
                            "chord": "pcs",
                            "description": "suffix -ed"
                        }
                    ]
                }
            ]
        }
    },
    "SPRIUencs": {
        "ambiguity": {
            "2": [
                {
                    "spelling": "chattel",
                    "explanation": [
                        {
                            "theory": "",
                            "chord": "SP",
                            "description": "ch"
                        },
                        {
                            "theory": "",
                            "chord": "",
                            "description": "drop short vowel"
                        },
                        {
                            "theory": "",
                            "chord": "RIU",
                            "description": "t"
                        },
                        {
                            "theory": "Harri",
                            "chord": "E",
                            "description": "silent e"
                        },
                        {
                            "theory": "",
                            "chord": "ncs",
                            "description": "l"
                        }
                    ]
                }
            ]
        }
    },
    "SPRIUencf": {
        "ambiguity": {
            "2": [
                {
                    "spelling": "chatter",
                    "explanation": [
                        {
                            "theory": "",
                            "chord": "SP",
                            "description": "ch"
                        },
                        {
                            "theory": "",
                            "chord": "",
                            "description": "drop short vowel"
                        },
                        {
                            "theory": "",
                            "chord": "RIU",
                            "description": "t"
                        },
                        {
                            "theory": "",
                            "chord": "e",
                            "description": "e"
                        },
                        {
                            "theory": "",
                            "chord": "ncf",
                            "description": "r"
                        }
                    ]
                }
            ]
        }
    },
    "SPRIUe/FCNepcs": {
        "ambiguity": {
            "5": [
                {
                    "spelling": "chattered",
                    "explanation": [
                        {
                            "theory": "",
                            "chord": "SP",
                            "description": "ch"
                        },
                        {
                            "theory": "",
                            "chord": "",
                            "description": "drop short vowel"
                        },
                        {
                            "theory": "",
                            "chord": "RIU",
                            "description": "t"
                        },
                        {
                            "theory": "",
                            "chord": "e",
                            "description": "e"
                        },
                        {
                            "theory": "",
                            "chord": "/",
                            "description": ""
                        },
                        {
                            "theory": "",
                            "chord": "FCN",
                            "description": "r"
                        },
                        {
                            "theory": "Harri",
                            "chord": "E",
                            "description": "silent e"
                        },
                        {
                            "theory": "",
                            "chord": "pcs",
                            "description": "suffix -ed"
                        }
                    ]
                }
            ]
        }
    },
    "SPRIUincf": {
        "ambiguity": {
            "5": [
                {
                    "spelling": "chattier",
                    "explanation": [
                        {
                            "theory": "",
                            "chord": "SP",
                            "description": "ch"
                        },
                        {
                            "theory": "",
                            "chord": "",
                            "description": "drop short vowel"
                        },
                        {
                            "theory": "",
                            "chord": "RIU",
                            "description": "t"
                        },
                        {
                            "theory": "",
                            "chord": "i",
                            "description": "suffix -y"
                        },
                        {
                            "theory": "Harri",
                            "chord": "ncf",
                            "description": "suffix -er"
                        }
                    ]
                }
            ]
        }
    },
    "SPRIUancf": {
        "ambiguity": {
            "2": [
                {
                    "spelling": "cheddar",
                    "explanation": [
                        {
                            "theory": "",
                            "chord": "SP",
                            "description": "ch"
                        },
                        {
                            "theory": "",
                            "chord": "",
                            "description": "drop short vowel"
                        },
                        {
                            "theory": "",
                            "chord": "SCP",
                            "description": "d"
                        },
                        {
                            "theory": "",
                            "chord": "a",
                            "description": "short a"
                        },
                        {
                            "theory": "",
                            "chord": "ncf",
                            "description": "r"
                        }
                    ]
                }
            ]
        }
    },
    "SPRi/Cepcs": {
        "ambiguity": {
            "5": [
                {
                    "spelling": "cherished",
                    "explanation": [
                        {
                            "theory": "",
                            "chord": "SP",
                            "description": "ch"
                        },
                        {
                            "theory": "",
                            "chord": "",
                            "description": "drop short vowel"
                        },
                        {
                            "theory": "",
                            "chord": "R",
                            "description": "r"
                        },
                        {
                            "theory": "",
                            "chord": "i",
                            "description": "i"
                        },
                        {
                            "theory": "",
                            "chord": "/",
                            "description": ""
                        },
                        {
                            "theory": "",
                            "chord": "C",
                            "description": "sh"
                        },
                        {
                            "theory": "Harri",
                            "chord": "E",
                            "description": "silent e"
                        },
                        {
                            "theory": "",
                            "chord": "pcs",
                            "description": "suffix -ed"
                        }
                    ]
                }
            ]
        }
    },
    "SPRu/FCPipzs": {
        "ambiguity": {
            "2": [
                {
                    "spelling": "cherubim",
                    "explanation": [
                        {
                            "theory": "",
                            "chord": "SP",
                            "description": "ch"
                        },
                        {
                            "theory": "",
                            "chord": "",
                            "description": "drop short vowel"
                        },
                        {
                            "theory": "",
                            "chord": "R",
                            "description": "r"
                        },
                        {
                            "theory": "",
                            "chord": "u",
                            "description": "u"
                        },
                        {
                            "theory": "",
                            "chord": "/",
                            "description": ""
                        },
                        {
                            "theory": "",
                            "chord": "FCP",
                            "description": "b"
                        },
                        {
                            "theory": "",
                            "chord": "i",
                            "description": "i"
                        },
                        {
                            "theory": "",
                            "chord": "pzs",
                            "description": "m"
                        }
                    ]
                }
            ]
        }
    },
    "SPRupcf": {
        "ambiguity": {
            "2": [
                {
                    "spelling": "cherub",
                    "explanation": [
                        {
                            "theory": "",
                            "chord": "SP",
                            "description": "ch"
                        },
                        {
                            "theory": "",
                            "chord": "",
                            "description": "drop short vowel"
                        },
                        {
                            "theory": "",
                            "chord": "R",
                            "description": "r"
                        },
                        {
                            "theory": "",
                            "chord": "u",
                            "description": "u"
                        },
                        {
                            "theory": "",
                            "chord": "pcf",
                            "description": "b"
                        }
                    ]
                }
            ]
        }
    },
    "SPRIepcs": {
        "ambiguity": {
            "5": [
                {
                    "spelling": "chilled",
                    "explanation": [
                        {
                            "theory": "",
                            "chord": "SP",
                            "description": "ch"
                        },
                        {
                            "theory": "",
                            "chord": "",
                            "description": "drop short vowel"
                        },
                        {
                            "theory": "",
                            "chord": "RI",
                            "description": "l"
                        },
                        {
                            "theory": "Harri",
                            "chord": "E",
                            "description": "silent e"
                        },
                        {
                            "theory": "",
                            "chord": "pcs",
                            "description": "suffix -ed"
                        }
                    ]
                }
            ]
        }
    },
    "SPRIincf": {
        "ambiguity": {
            "5": [
                {
                    "spelling": "chillier",
                    "explanation": [
                        {
                            "theory": "",
                            "chord": "SP",
                            "description": "ch"
                        },
                        {
                            "theory": "",
                            "chord": "",
                            "description": "drop short vowel"
                        },
                        {
                            "theory": "",
                            "chord": "RI",
                            "description": "l"
                        },
                        {
                            "theory": "",
                            "chord": "i",
                            "description": "suffix -y"
                        },
                        {
                            "theory": "Harri",
                            "chord": "ncf",
                            "description": "suffix -er"
                        }
                    ]
                }
            ]
        }
    },
    "SPRUepcs": {
        "ambiguity": {
            "6": [
                {
                    "spelling": "chimed",
                    "explanation": [
                        {
                            "theory": "",
                            "chord": "SP",
                            "description": "ch"
                        },
                        {
                            "theory": "",
                            "chord": "",
                            "description": "drop long vowel"
                        },
                        {
                            "theory": "",
                            "chord": "RU",
                            "description": "m"
                        },
                        {
                            "theory": "Harri",
                            "chord": "E",
                            "description": "silent e"
                        },
                        {
                            "theory": "",
                            "chord": "pcs",
                            "description": "suffix -ed"
                        }
                    ]
                }
            ],
            "5": [
                {
                    "spelling": "chummed",
                    "explanation": [
                        {
                            "theory": "",
                            "chord": "SP",
                            "description": "ch"
                        },
                        {
                            "theory": "",
                            "chord": "",
                            "description": "drop short vowel"
                        },
                        {
                            "theory": "",
                            "chord": "RU",
                            "description": "m"
                        },
                        {
                            "theory": "Harri",
                            "chord": "E",
                            "description": "silent e"
                        },
                        {
                            "theory": "",
                            "chord": "pcs",
                            "description": "suffix -ed"
                        }
                    ]
                }
            ]
        }
    },
    "SPRu/Pepcs": {
        "ambiguity": {
            "5": [
                {
                    "spelling": "chirruped",
                    "explanation": [
                        {
                            "theory": "",
                            "chord": "SP",
                            "description": "ch"
                        },
                        {
                            "theory": "",
                            "chord": "",
                            "description": "drop short vowel"
                        },
                        {
                            "theory": "",
                            "chord": "R",
                            "description": "r"
                        },
                        {
                            "theory": "",
                            "chord": "u",
                            "description": "u"
                        },
                        {
                            "theory": "",
                            "chord": "/",
                            "description": ""
                        },
                        {
                            "theory": "",
                            "chord": "P",
                            "description": "p"
                        },
                        {
                            "theory": "Harri",
                            "chord": "E",
                            "description": "silent e"
                        },
                        {
                            "theory": "",
                            "chord": "pcs",
                            "description": "suffix -ed"
                        }
                    ]
                }
            ]
        }
    },
    "SPRup": {
        "ambiguity": {
            "2": [
                {
                    "spelling": "chirrup",
                    "explanation": [
                        {
                            "theory": "",
                            "chord": "SP",
                            "description": "ch"
                        },
                        {
                            "theory": "",
                            "chord": "",
                            "description": "drop short vowel"
                        },
                        {
                            "theory": "",
                            "chord": "R",
                            "description": "r"
                        },
                        {
                            "theory": "",
                            "chord": "u",
                            "description": "u"
                        },
                        {
                            "theory": "",
                            "chord": "p",
                            "description": "p"
                        }
                    ]
                }
            ]
        }
    },
    "SPRUincf": {
        "ambiguity": {
            "5": [
                {
                    "spelling": "chummier",
                    "explanation": [
                        {
                            "theory": "",
                            "chord": "SP",
                            "description": "ch"
                        },
                        {
                            "theory": "",
                            "chord": "",
                            "description": "drop short vowel"
                        },
                        {
                            "theory": "",
                            "chord": "RU",
                            "description": "m"
                        },
                        {
                            "theory": "",
                            "chord": "i",
                            "description": "suffix -y"
                        },
                        {
                            "theory": "Harri",
                            "chord": "ncf",
                            "description": "suffix -er"
                        }
                    ]
                }
            ]
        }
    }
}