{
    "#ua/FCPencs": {
        "ambiguity": {
            "0": [
                {
                    "spelling": "Abel",
                    "explanation": [
                        {
                            "theory": "Lapwing",
                            "chord": "#",
                            "description": "Proper noun"
                        },
                        {
                            "theory": "",
                            "chord": "ua",
                            "description": "ua vowel"
                        },
                        {
                            "theory": "",
                            "chord": "/",
                            "description": ""
                        },
                        {
                            "theory": "",
                            "chord": "FCP",
                            "description": "b"
                        },
                        {
                            "theory": "Harri",
                            "chord": "E",
                            "description": "silent e"
                        },
                        {
                            "theory": "",
                            "chord": "ncs",
                            "description": "l"
                        }
                    ]
                }
            ]
        }
    },
    "#uapcf": {
        "ambiguity": {
            "0": [
                {
                    "spelling": "Abe",
                    "explanation": [
                        {
                            "theory": "Lapwing",
                            "chord": "#",
                            "description": "Proper noun"
                        },
                        {
                            "theory": "",
                            "chord": "ua",
                            "description": "ua vowel"
                        },
                        {
                            "theory": "",
                            "chord": "pcf",
                            "description": "b"
                        }
                    ]
                }
            ]
        }
    },
    "#ua/FCPRa/FCapzs": {
        "ambiguity": {
            "0": [
                {
                    "spelling": "Abraham",
                    "explanation": [
                        {
                            "theory": "Lapwing",
                            "chord": "#",
                            "description": "Proper noun"
                        },
                        {
                            "theory": "",
                            "chord": "ua",
                            "description": "ua vowel"
                        },
                        {
                            "theory": "",
                            "chord": "/",
                            "description": ""
                        },
                        {
                            "theory": "",
                            "chord": "FCP",
                            "description": "b"
                        },
                        {
                            "theory": "",
                            "chord": "R",
                            "description": "r"
                        },
                        {
                            "theory": "",
                            "chord": "a",
                            "description": "short a"
                        },
                        {
                            "theory": "",
                            "chord": "/",
                            "description": ""
                        },
                        {
                            "theory": "",
                            "chord": "FC",
                            "description": "h"
                        },
                        {
                            "theory": "",
                            "chord": "a",
                            "description": "short a"
                        },
                        {
                            "theory": "",
                            "chord": "pzs",
                            "description": "m"
                        }
                    ]
                }
            ]
        }
    },
    "#uapcf/FCNa/FCapzs": {
        "ambiguity": {
            "0": [
                {
                    "spelling": "Abraham",
                    "explanation": [
                        {
                            "theory": "Lapwing",
                            "chord": "#",
                            "description": "Proper noun"
                        },
                        {
                            "theory": "",
                            "chord": "ua",
                            "description": "ua vowel"
                        },
                        {
                            "theory": "",
                            "chord": "pcf",
                            "description": "b"
                        },
                        {
                            "theory": "",
                            "chord": "/",
                            "description": ""
                        },
                        {
                            "theory": "",
                            "chord": "FCN",
                            "description": "r"
                        },
                        {
                            "theory": "",
                            "chord": "a",
                            "description": "short a"
                        },
                        {
                            "theory": "",
                            "chord": "/",
                            "description": ""
                        },
                        {
                            "theory": "",
                            "chord": "FC",
                            "description": "h"
                        },
                        {
                            "theory": "",
                            "chord": "a",
                            "description": "short a"
                        },
                        {
                            "theory": "",
                            "chord": "pzs",
                            "description": "m"
                        }
                    ]
                }
            ]
        }
    },
    "#ua/FCPRapzs": {
        "ambiguity": {
            "0": [
                {
                    "spelling": "Abram",
                    "explanation": [
                        {
                            "theory": "Lapwing",
                            "chord": "#",
                            "description": "Proper noun"
                        },
                        {
                            "theory": "",
                            "chord": "ua",
                            "description": "ua vowel"
                        },
                        {
                            "theory": "",
                            "chord": "/",
                            "description": ""
                        },
                        {
                            "theory": "",
                            "chord": "FCP",
                            "description": "b"
                        },
                        {
                            "theory": "",
                            "chord": "R",
                            "description": "r"
                        },
                        {
                            "theory": "",
                            "chord": "a",
                            "description": "short a"
                        },
                        {
                            "theory": "",
                            "chord": "pzs",
                            "description": "m"
                        }
                    ]
                }
            ]
        }
    },
    "#uapcf/FCNapzs": {
        "ambiguity": {
            "0": [
                {
                    "spelling": "Abram",
                    "explanation": [
                        {
                            "theory": "Lapwing",
                            "chord": "#",
                            "description": "Proper noun"
                        },
                        {
                            "theory": "",
                            "chord": "ua",
                            "description": "ua vowel"
                        },
                        {
                            "theory": "",
                            "chord": "pcf",
                            "description": "b"
                        },
                        {
                            "theory": "",
                            "chord": "/",
                            "description": ""
                        },
                        {
                            "theory": "",
                            "chord": "FCN",
                            "description": "r"
                        },
                        {
                            "theory": "",
                            "chord": "a",
                            "description": "short a"
                        },
                        {
                            "theory": "",
                            "chord": "pzs",
                            "description": "m"
                        }
                    ]
                }
            ]
        }
    },
    "#uas": {
        "ambiguity": {
            "1": [
                {
                    "spelling": "Ace",
                    "explanation": [
                        {
                            "theory": "Lapwing",
                            "chord": "#",
                            "description": "Proper noun"
                        },
                        {
                            "theory": "",
                            "chord": "ua",
                            "description": "ua vowel"
                        },
                        {
                            "theory": "",
                            "chord": "s",
                            "description": "unvoiced s spelt c"
                        }
                    ]
                }
            ]
        }
    },
    "#ua/Sencf": {
        "ambiguity": {
            "1": [
                {
                    "spelling": "Acer",
                    "explanation": [
                        {
                            "theory": "Lapwing",
                            "chord": "#",
                            "description": "Proper noun"
                        },
                        {
                            "theory": "",
                            "chord": "ua",
                            "description": "ua vowel"
                        },
                        {
                            "theory": "",
                            "chord": "/",
                            "description": ""
                        },
                        {
                            "theory": "",
                            "chord": "S",
                            "description": "c pronounced s"
                        },
                        {
                            "theory": "",
                            "chord": "e",
                            "description": "e"
                        },
                        {
                            "theory": "",
                            "chord": "ncf",
                            "description": "r"
                        }
                    ]
                }
            ]
        }
    },
    "#uapcs": {
        "ambiguity": {
            "0": [
                {
                    "spelling": "Ade",
                    "explanation": [
                        {
                            "theory": "Lapwing",
                            "chord": "#",
                            "description": "Proper noun"
                        },
                        {
                            "theory": "",
                            "chord": "ua",
                            "description": "ua vowel"
                        },
                        {
                            "theory": "",
                            "chord": "pcs",
                            "description": "d"
                        }
                    ]
                }
            ]
        }
    },
    "#uapcs/FCNIa/Nuie": {
        "ambiguity": {
            "0": [
                {
                    "spelling": "Adriano",
                    "explanation": [
                        {
                            "theory": "Lapwing",
                            "chord": "#",
                            "description": "Proper noun"
                        },
                        {
                            "theory": "",
                            "chord": "ua",
                            "description": "ua vowel"
                        },
                        {
                            "theory": "",
                            "chord": "pcs",
                            "description": "d"
                        },
                        {
                            "theory": "",
                            "chord": "/",
                            "description": ""
                        },
                        {
                            "theory": "",
                            "chord": "FCN",
                            "description": "r"
                        },
                        {
                            "theory": "",
                            "chord": "I",
                            "description": "i"
                        },
                        {
                            "theory": "",
                            "chord": "a",
                            "description": "short a"
                        },
                        {
                            "theory": "",
                            "chord": "/",
                            "description": ""
                        },
                        {
                            "theory": "",
                            "chord": "N",
                            "description": "n"
                        },
                        {
                            "theory": "",
                            "chord": "uie",
                            "description": "uie vowel"
                        }
                    ]
                }
            ]
        }
    },
    "#ua/FCapcf": {
        "ambiguity": {
            "0": [
                {
                    "spelling": "Ahab",
                    "explanation": [
                        {
                            "theory": "Lapwing",
                            "chord": "#",
                            "description": "Proper noun"
                        },
                        {
                            "theory": "",
                            "chord": "ua",
                            "description": "ua vowel"
                        },
                        {
                            "theory": "",
                            "chord": "/",
                            "description": ""
                        },
                        {
                            "theory": "",
                            "chord": "FC",
                            "description": "h"
                        },
                        {
                            "theory": "",
                            "chord": "a",
                            "description": "short a"
                        },
                        {
                            "theory": "",
                            "chord": "pcf",
                            "description": "b"
                        }
                    ]
                }
            ]
        }
    },
    "#uancf/SCPuancs": {
        "ambiguity": {
            "2": [
                {
                    "spelling": "Airedale",
                    "explanation": [
                        {
                            "theory": "Lapwing",
                            "chord": "#",
                            "description": "Proper noun"
                        },
                        {
                            "theory": "",
                            "chord": "ua",
                            "description": "ua vowel"
                        },
                        {
                            "theory": "",
                            "chord": "ncf",
                            "description": "r"
                        },
                        {
                            "theory": "",
                            "chord": "/",
                            "description": ""
                        },
                        {
                            "theory": "",
                            "chord": "SCP",
                            "description": "d"
                        },
                        {
                            "theory": "",
                            "chord": "ua",
                            "description": "ua vowel"
                        },
                        {
                            "theory": "",
                            "chord": "ncs",
                            "description": "le"
                        }
                    ]
                }
            ]
        }
    },
    "#uancf": {
        "ambiguity": {
            "1": [
                {
                    "spelling": "Aire",
                    "explanation": [
                        {
                            "theory": "Lapwing",
                            "chord": "#",
                            "description": "Proper noun"
                        },
                        {
                            "theory": "",
                            "chord": "ua",
                            "description": "ua vowel"
                        },
                        {
                            "theory": "",
                            "chord": "ncf",
                            "description": "r"
                        }
                    ]
                },
                {
                    "spelling": "Ayer",
                    "explanation": [
                        {
                            "theory": "Lapwing",
                            "chord": "#",
                            "description": "Proper noun"
                        },
                        {
                            "theory": "",
                            "chord": "ua",
                            "description": "ua vowel"
                        },
                        {
                            "theory": "",
                            "chord": "ncf",
                            "description": "r"
                        }
                    ]
                },
                {
                    "spelling": "Ayre",
                    "explanation": [
                        {
                            "theory": "Lapwing",
                            "chord": "#",
                            "description": "Proper noun"
                        },
                        {
                            "theory": "",
                            "chord": "ua",
                            "description": "ua vowel"
                        },
                        {
                            "theory": "",
                            "chord": "ncf",
                            "description": "r"
                        }
                    ]
                },
                {
                    "spelling": "Ayr",
                    "explanation": [
                        {
                            "theory": "Lapwing",
                            "chord": "#",
                            "description": "Proper noun"
                        },
                        {
                            "theory": "",
                            "chord": "ua",
                            "description": "ua vowel"
                        },
                        {
                            "theory": "",
                            "chord": "ncf",
                            "description": "r"
                        }
                    ]
                },
                {
                    "spelling": "Eyre",
                    "explanation": [
                        {
                            "theory": "Lapwing",
                            "chord": "#",
                            "description": "Proper noun"
                        },
                        {
                            "theory": "",
                            "chord": "ua",
                            "description": "ua vowel"
                        },
                        {
                            "theory": "",
                            "chord": "ncf",
                            "description": "r"
                        }
                    ]
                }
            ]
        }
    },
    "#ua/ZPanzs": {
        "ambiguity": {
            "0": [
                {
                    "spelling": "Ajax",
                    "explanation": [
                        {
                            "theory": "Lapwing",
                            "chord": "#",
                            "description": "Proper noun"
                        },
                        {
                            "theory": "",
                            "chord": "ua",
                            "description": "ua vowel"
                        },
                        {
                            "theory": "",
                            "chord": "/",
                            "description": ""
                        },
                        {
                            "theory": "",
                            "chord": "ZP",
                            "description": "j"
                        },
                        {
                            "theory": "",
                            "chord": "a",
                            "description": "short a"
                        },
                        {
                            "theory": "",
                            "chord": "nzs",
                            "description": "x"
                        }
                    ]
                }
            ]
        }
    },
    "#ua/SZPez": {
        "ambiguity": {
            "0": [
                {
                    "spelling": "Ames",
                    "explanation": [
                        {
                            "theory": "Lapwing",
                            "chord": "#",
                            "description": "Proper noun"
                        },
                        {
                            "theory": "",
                            "chord": "ua",
                            "description": "ua vowel"
                        },
                        {
                            "theory": "",
                            "chord": "/",
                            "description": ""
                        },
                        {
                            "theory": "",
                            "chord": "SZP",
                            "description": "m"
                        },
                        {
                            "theory": "Harri",
                            "chord": "E",
                            "description": "silent e"
                        },
                        {
                            "theory": "",
                            "chord": "z",
                            "description": "s voiced"
                        }
                    ]
                }
            ]
        }
    },
    "#ua/SZPis": {
        "ambiguity": {
            "0": [
                {
                    "spelling": "Amis",
                    "explanation": [
                        {
                            "theory": "Lapwing",
                            "chord": "#",
                            "description": "Proper noun"
                        },
                        {
                            "theory": "",
                            "chord": "ua",
                            "description": "ua vowel"
                        },
                        {
                            "theory": "",
                            "chord": "/",
                            "description": ""
                        },
                        {
                            "theory": "",
                            "chord": "SZP",
                            "description": "m"
                        },
                        {
                            "theory": "",
                            "chord": "i",
                            "description": "i"
                        },
                        {
                            "theory": "",
                            "chord": "s",
                            "description": "unvoiced s"
                        }
                    ]
                }
            ]
        }
    },
    "#ua/SZPies": {
        "ambiguity": {
            "0": [
                {
                    "spelling": "Amos",
                    "explanation": [
                        {
                            "theory": "Lapwing",
                            "chord": "#",
                            "description": "Proper noun"
                        },
                        {
                            "theory": "",
                            "chord": "ua",
                            "description": "ua vowel"
                        },
                        {
                            "theory": "",
                            "chord": "/",
                            "description": ""
                        },
                        {
                            "theory": "",
                            "chord": "SZP",
                            "description": "m"
                        },
                        {
                            "theory": "",
                            "chord": "ie",
                            "description": "o"
                        },
                        {
                            "theory": "",
                            "chord": "s",
                            "description": "unvoiced s"
                        }
                    ]
                }
            ]
        }
    },
    "#uan/ZPencs": {
        "ambiguity": {
            "1": [
                {
                    "spelling": "Angell",
                    "explanation": [
                        {
                            "theory": "Lapwing",
                            "chord": "#",
                            "description": "Proper noun"
                        },
                        {
                            "theory": "",
                            "chord": "ua",
                            "description": "ua vowel"
                        },
                        {
                            "theory": "",
                            "chord": "n",
                            "description": "n"
                        },
                        {
                            "theory": "",
                            "chord": "/",
                            "description": ""
                        },
                        {
                            "theory": "",
                            "chord": "ZP",
                            "description": "j sound"
                        },
                        {
                            "theory": "",
                            "chord": "e",
                            "description": "e"
                        },
                        {
                            "theory": "",
                            "chord": "ncs",
                            "description": "l"
                        }
                    ]
                },
                {
                    "spelling": "Angel",
                    "explanation": [
                        {
                            "theory": "Lapwing",
                            "chord": "#",
                            "description": "Proper noun"
                        },
                        {
                            "theory": "",
                            "chord": "ua",
                            "description": "ua vowel"
                        },
                        {
                            "theory": "",
                            "chord": "n",
                            "description": "n"
                        },
                        {
                            "theory": "",
                            "chord": "/",
                            "description": ""
                        },
                        {
                            "theory": "",
                            "chord": "ZP",
                            "description": "j sound"
                        },
                        {
                            "theory": "",
                            "chord": "e",
                            "description": "e"
                        },
                        {
                            "theory": "",
                            "chord": "ncs",
                            "description": "l"
                        }
                    ]
                }
            ]
        }
    },
    "#ua/Penzs": {
        "ambiguity": {
            "0": [
                {
                    "spelling": "Apex",
                    "explanation": [
                        {
                            "theory": "Lapwing",
                            "chord": "#",
                            "description": "Proper noun"
                        },
                        {
                            "theory": "",
                            "chord": "ua",
                            "description": "ua vowel"
                        },
                        {
                            "theory": "",
                            "chord": "/",
                            "description": ""
                        },
                        {
                            "theory": "",
                            "chord": "P",
                            "description": "p"
                        },
                        {
                            "theory": "",
                            "chord": "e",
                            "description": "e"
                        },
                        {
                            "theory": "",
                            "chord": "nzs",
                            "description": "x"
                        }
                    ]
                }
            ]
        }
    },
    "#ua/PRincs": {
        "ambiguity": {
            "0": [
                {
                    "spelling": "April",
                    "explanation": [
                        {
                            "theory": "Lapwing",
                            "chord": "#",
                            "description": "Proper noun"
                        },
                        {
                            "theory": "",
                            "chord": "ua",
                            "description": "ua vowel"
                        },
                        {
                            "theory": "",
                            "chord": "/",
                            "description": ""
                        },
                        {
                            "theory": "",
                            "chord": "P",
                            "description": "p"
                        },
                        {
                            "theory": "",
                            "chord": "R",
                            "description": "r"
                        },
                        {
                            "theory": "",
                            "chord": "i",
                            "description": "i"
                        },
                        {
                            "theory": "",
                            "chord": "ncs",
                            "description": "l"
                        }
                    ]
                }
            ]
        }
    },
    "#uap/FCNincs": {
        "ambiguity": {
            "0": [
                {
                    "spelling": "April",
                    "explanation": [
                        {
                            "theory": "Lapwing",
                            "chord": "#",
                            "description": "Proper noun"
                        },
                        {
                            "theory": "",
                            "chord": "ua",
                            "description": "ua vowel"
                        },
                        {
                            "theory": "",
                            "chord": "p",
                            "description": "p"
                        },
                        {
                            "theory": "",
                            "chord": "/",
                            "description": ""
                        },
                        {
                            "theory": "",
                            "chord": "FCN",
                            "description": "r"
                        },
                        {
                            "theory": "",
                            "chord": "i",
                            "description": "i"
                        },
                        {
                            "theory": "",
                            "chord": "ncs",
                            "description": "l"
                        }
                    ]
                }
            ]
        }
    },
    "#ua/FCNuez": {
        "ambiguity": {
            "1": [
                {
                    "spelling": "Ares",
                    "explanation": [
                        {
                            "theory": "Lapwing",
                            "chord": "#",
                            "description": "Proper noun"
                        },
                        {
                            "theory": "",
                            "chord": "ua",
                            "description": "ua vowel"
                        },
                        {
                            "theory": "",
                            "chord": "/",
                            "description": ""
                        },
                        {
                            "theory": "",
                            "chord": "FCN",
                            "description": "r"
                        },
                        {
                            "theory": "",
                            "chord": "ue",
                            "description": "ue vowel"
                        },
                        {
                            "theory": "",
                            "chord": "z",
                            "description": "s voiced"
                        }
                    ]
                },
                {
                    "spelling": "Aries",
                    "explanation": [
                        {
                            "theory": "Lapwing",
                            "chord": "#",
                            "description": "Proper noun"
                        },
                        {
                            "theory": "",
                            "chord": "ua",
                            "description": "ua vowel"
                        },
                        {
                            "theory": "",
                            "chord": "/",
                            "description": ""
                        },
                        {
                            "theory": "",
                            "chord": "FCN",
                            "description": "r"
                        },
                        {
                            "theory": "",
                            "chord": "ue",
                            "description": "ue vowel"
                        },
                        {
                            "theory": "",
                            "chord": "z",
                            "description": "s voiced"
                        }
                    ]
                }
            ]
        }
    },
    "#ua/FCNIencs": {
        "ambiguity": {
            "0": [
                {
                    "spelling": "Ariel",
                    "explanation": [
                        {
                            "theory": "Lapwing",
                            "chord": "#",
                            "description": "Proper noun"
                        },
                        {
                            "theory": "",
                            "chord": "ua",
                            "description": "ua vowel"
                        },
                        {
                            "theory": "",
                            "chord": "/",
                            "description": ""
                        },
                        {
                            "theory": "",
                            "chord": "FCN",
                            "description": "r"
                        },
                        {
                            "theory": "",
                            "chord": "I",
                            "description": "i"
                        },
                        {
                            "theory": "",
                            "chord": "e",
                            "description": "e"
                        },
                        {
                            "theory": "",
                            "chord": "ncs",
                            "description": "l"
                        }
                    ]
                }
            ]
        }
    },
    "#uancf/ZNencs": {
        "ambiguity": {
            "0": [
                {
                    "spelling": "Ariel",
                    "explanation": [
                        {
                            "theory": "Lapwing",
                            "chord": "#",
                            "description": "Proper noun"
                        },
                        {
                            "theory": "",
                            "chord": "ua",
                            "description": "ua vowel"
                        },
                        {
                            "theory": "",
                            "chord": "ncf",
                            "description": "r"
                        },
                        {
                            "theory": "",
                            "chord": "/",
                            "description": ""
                        },
                        {
                            "theory": "",
                            "chord": "ZN",
                            "description": "i"
                        },
                        {
                            "theory": "",
                            "chord": "e",
                            "description": "e"
                        },
                        {
                            "theory": "",
                            "chord": "ncs",
                            "description": "l"
                        }
                    ]
                }
            ]
        }
    },
    "#ua/FCNIez": {
        "ambiguity": {
            "0": [
                {
                    "spelling": "Aries",
                    "explanation": [
                        {
                            "theory": "Lapwing",
                            "chord": "#",
                            "description": "Proper noun"
                        },
                        {
                            "theory": "",
                            "chord": "ua",
                            "description": "ua vowel"
                        },
                        {
                            "theory": "",
                            "chord": "/",
                            "description": ""
                        },
                        {
                            "theory": "",
                            "chord": "FCN",
                            "description": "r"
                        },
                        {
                            "theory": "",
                            "chord": "I",
                            "description": "i"
                        },
                        {
                            "theory": "Harri",
                            "chord": "E",
                            "description": "silent e"
                        },
                        {
                            "theory": "",
                            "chord": "z",
                            "description": "s voiced"
                        }
                    ]
                }
            ]
        }
    },
    "#uancf/ZNez": {
        "ambiguity": {
            "0": [
                {
                    "spelling": "Aries",
                    "explanation": [
                        {
                            "theory": "Lapwing",
                            "chord": "#",
                            "description": "Proper noun"
                        },
                        {
                            "theory": "",
                            "chord": "ua",
                            "description": "ua vowel"
                        },
                        {
                            "theory": "",
                            "chord": "ncf",
                            "description": "r"
                        },
                        {
                            "theory": "",
                            "chord": "/",
                            "description": ""
                        },
                        {
                            "theory": "",
                            "chord": "ZN",
                            "description": "i"
                        },
                        {
                            "theory": "Harri",
                            "chord": "E",
                            "description": "silent e"
                        },
                        {
                            "theory": "",
                            "chord": "z",
                            "description": "s voiced"
                        }
                    ]
                }
            ]
        }
    },
    "#ua/SCis": {
        "ambiguity": {
            "0": [
                {
                    "spelling": "Avis",
                    "explanation": [
                        {
                            "theory": "Lapwing",
                            "chord": "#",
                            "description": "Proper noun"
                        },
                        {
                            "theory": "",
                            "chord": "ua",
                            "description": "ua vowel"
                        },
                        {
                            "theory": "",
                            "chord": "/",
                            "description": ""
                        },
                        {
                            "theory": "",
                            "chord": "SC",
                            "description": "v"
                        },
                        {
                            "theory": "",
                            "chord": "i",
                            "description": "i"
                        },
                        {
                            "theory": "",
                            "chord": "s",
                            "description": "unvoiced s"
                        }
                    ]
                }
            ]
        }
    },
    "#ua/CPRIif": {
        "ambiguity": {
            "2": [
                {
                    "spelling": "Aycliffe",
                    "explanation": [
                        {
                            "theory": "Lapwing",
                            "chord": "#",
                            "description": "Proper noun"
                        },
                        {
                            "theory": "",
                            "chord": "ua",
                            "description": "ua vowel"
                        },
                        {
                            "theory": "",
                            "chord": "/",
                            "description": ""
                        },
                        {
                            "theory": "",
                            "chord": "CP",
                            "description": "c pronounced k"
                        },
                        {
                            "theory": "",
                            "chord": "RI",
                            "description": "l"
                        },
                        {
                            "theory": "",
                            "chord": "i",
                            "description": "i"
                        },
                        {
                            "theory": "",
                            "chord": "f",
                            "description": "f"
                        }
                    ]
                }
            ]
        }
    },
    "#uapc/SCNif": {
        "ambiguity": {
            "2": [
                {
                    "spelling": "Aycliffe",
                    "explanation": [
                        {
                            "theory": "Lapwing",
                            "chord": "#",
                            "description": "Proper noun"
                        },
                        {
                            "theory": "",
                            "chord": "ua",
                            "description": "ua vowel"
                        },
                        {
                            "theory": "",
                            "chord": "pc",
                            "description": "c pronounced k"
                        },
                        {
                            "theory": "",
                            "chord": "/",
                            "description": ""
                        },
                        {
                            "theory": "",
                            "chord": "SCN",
                            "description": "l"
                        },
                        {
                            "theory": "",
                            "chord": "i",
                            "description": "i"
                        },
                        {
                            "theory": "",
                            "chord": "f",
                            "description": "f"
                        }
                    ]
                }
            ]
        }
    },
    "#ua/SCNepf": {
        "ambiguity": {
            "1": [
                {
                    "spelling": "Aylett",
                    "explanation": [
                        {
                            "theory": "Lapwing",
                            "chord": "#",
                            "description": "Proper noun"
                        },
                        {
                            "theory": "",
                            "chord": "ua",
                            "description": "ua vowel"
                        },
                        {
                            "theory": "",
                            "chord": "/",
                            "description": ""
                        },
                        {
                            "theory": "",
                            "chord": "SCN",
                            "description": "l"
                        },
                        {
                            "theory": "",
                            "chord": "e",
                            "description": "e"
                        },
                        {
                            "theory": "",
                            "chord": "pf",
                            "description": "t"
                        }
                    ]
                }
            ]
        }
    },
    "#ua/FCNez": {
        "ambiguity": {
            "1": [
                {
                    "spelling": "Ayres",
                    "explanation": [
                        {
                            "theory": "Lapwing",
                            "chord": "#",
                            "description": "Proper noun"
                        },
                        {
                            "theory": "",
                            "chord": "ua",
                            "description": "ua vowel"
                        },
                        {
                            "theory": "",
                            "chord": "/",
                            "description": ""
                        },
                        {
                            "theory": "",
                            "chord": "FCN",
                            "description": "r"
                        },
                        {
                            "theory": "Harri",
                            "chord": "E",
                            "description": "silent e"
                        },
                        {
                            "theory": "",
                            "chord": "z",
                            "description": "s voiced"
                        }
                    ]
                }
            ]
        }
    },
    "#ua/FCNe": {
        "ambiguity": {
            "1": [
                {
                    "spelling": "Eire",
                    "explanation": [
                        {
                            "theory": "Lapwing",
                            "chord": "#",
                            "description": "Proper noun"
                        },
                        {
                            "theory": "",
                            "chord": "ua",
                            "description": "ua vowel"
                        },
                        {
                            "theory": "",
                            "chord": "/",
                            "description": ""
                        },
                        {
                            "theory": "",
                            "chord": "FCN",
                            "description": "r"
                        },
                        {
                            "theory": "",
                            "chord": "e",
                            "description": "e"
                        }
                    ]
                }
            ]
        }
    }
}