{
    "Fupcs/SCNepcs": {
        "ambiguity": {
            "3": [
                {
                    "spelling": "fuddled",
                    "explanation": [
                        {
                            "theory": "",
                            "chord": "F",
                            "description": "f"
                        },
                        {
                            "theory": "",
                            "chord": "u",
                            "description": "u"
                        },
                        {
                            "theory": "",
                            "chord": "pcs",
                            "description": "d"
                        },
                        {
                            "theory": "",
                            "chord": "/",
                            "description": ""
                        },
                        {
                            "theory": "",
                            "chord": "SCN",
                            "description": "l"
                        },
                        {
                            "theory": "Harri",
                            "chord": "E",
                            "description": "silent e"
                        },
                        {
                            "theory": "",
                            "chord": "pcs",
                            "description": "suffix -ed"
                        }
                    ]
                }
            ]
        }
    },
    "Fupz": {
        "ambiguity": {
            "1": [
                {
                    "spelling": "fudge",
                    "explanation": [
                        {
                            "theory": "",
                            "chord": "F",
                            "description": "f"
                        },
                        {
                            "theory": "",
                            "chord": "u",
                            "description": "u"
                        },
                        {
                            "theory": "",
                            "chord": "pz",
                            "description": "g pronounced j"
                        }
                    ]
                }
            ]
        }
    },
    "Fupzf": {
        "ambiguity": {
            "0": [
                {
                    "spelling": "fug",
                    "explanation": [
                        {
                            "theory": "",
                            "chord": "F",
                            "description": "f"
                        },
                        {
                            "theory": "",
                            "chord": "u",
                            "description": "u"
                        },
                        {
                            "theory": "",
                            "chord": "pzf",
                            "description": "g"
                        }
                    ]
                }
            ]
        }
    },
    "Fupzs/FCPRIepcs": {
        "ambiguity": {
            "3": [
                {
                    "spelling": "fumbled",
                    "explanation": [
                        {
                            "theory": "",
                            "chord": "F",
                            "description": "f"
                        },
                        {
                            "theory": "",
                            "chord": "u",
                            "description": "u"
                        },
                        {
                            "theory": "",
                            "chord": "pzs",
                            "description": "m"
                        },
                        {
                            "theory": "",
                            "chord": "/",
                            "description": ""
                        },
                        {
                            "theory": "",
                            "chord": "FCP",
                            "description": "b"
                        },
                        {
                            "theory": "",
                            "chord": "RI",
                            "description": "l"
                        },
                        {
                            "theory": "Harri",
                            "chord": "E",
                            "description": "silent e"
                        },
                        {
                            "theory": "",
                            "chord": "pcs",
                            "description": "suffix -ed"
                        }
                    ]
                }
            ]
        }
    }
}