{
    "FZIef": {
        "ambiguity": {
            "0": [
                {
                    "spelling": "thief",
                    "explanation": [
                        {
                            "theory": "",
                            "chord": "FZ",
                            "description": "th"
                        },
                        {
                            "theory": "",
                            "chord": "I",
                            "description": "i"
                        },
                        {
                            "theory": "Harri",
                            "chord": "E",
                            "description": "silent e"
                        },
                        {
                            "theory": "",
                            "chord": "f",
                            "description": "f"
                        }
                    ]
                }
            ]
        }
    },
    "FZIecs": {
        "ambiguity": {
            "0": [
                {
                    "spelling": "thieve",
                    "explanation": [
                        {
                            "theory": "",
                            "chord": "FZ",
                            "description": "th"
                        },
                        {
                            "theory": "",
                            "chord": "I",
                            "description": "i"
                        },
                        {
                            "theory": "Harri",
                            "chord": "E",
                            "description": "silent e"
                        },
                        {
                            "theory": "",
                            "chord": "cs",
                            "description": "v"
                        }
                    ]
                }
            ]
        }
    }
}