{
    "#ZUe": {
        "ambiguity": {
            "1": [
                {
                    "spelling": "Zoe",
                    "explanation": [
                        {
                            "theory": "Lapwing",
                            "chord": "#",
                            "description": "Proper noun"
                        },
                        {
                            "theory": "Harri",
                            "chord": "Z",
                            "description": "z"
                        },
                        {
                            "theory": "Harri",
                            "chord": "U",
                            "description": "uie vowel"
                        },
                        {
                            "theory": "",
                            "chord": "e",
                            "description": "EU vowel spelt e"
                        }
                    ]
                }
            ]
        }
    }
}