{
    "i/Cuiapcs": {
        "ambiguity": {
            "3": [
                {
                    "spelling": "issued",
                    "explanation": [
                        {
                            "theory": "",
                            "chord": "i",
                            "description": "i"
                        },
                        {
                            "theory": "",
                            "chord": "/",
                            "description": ""
                        },
                        {
                            "theory": "",
                            "chord": "C",
                            "description": "s pronounced sh"
                        },
                        {
                            "theory": "",
                            "chord": "uia",
                            "description": "uia vowel"
                        },
                        {
                            "theory": "",
                            "chord": "pcs",
                            "description": "suffix -ed"
                        }
                    ]
                }
            ]
        }
    },
    "i/Cuiancf": {
        "ambiguity": {
            "2": [
                {
                    "spelling": "issuer",
                    "explanation": [
                        {
                            "theory": "",
                            "chord": "i",
                            "description": "i"
                        },
                        {
                            "theory": "",
                            "chord": "/",
                            "description": ""
                        },
                        {
                            "theory": "",
                            "chord": "C",
                            "description": "s pronounced sh"
                        },
                        {
                            "theory": "",
                            "chord": "uia",
                            "description": "uia vowel"
                        },
                        {
                            "theory": "Harri",
                            "chord": "ncf",
                            "description": "suffix -er"
                        }
                    ]
                }
            ]
        }
    }
}