{
    "#ZRUencf": {
        "ambiguity": {
            "2": [
                {
                    "spelling": "Zimmer",
                    "explanation": [
                        {
                            "theory": "Lapwing",
                            "chord": "#",
                            "description": "Proper noun"
                        },
                        {
                            "theory": "Harri",
                            "chord": "Z",
                            "description": "z"
                        },
                        {
                            "theory": "",
                            "chord": "",
                            "description": "drop short vowel"
                        },
                        {
                            "theory": "",
                            "chord": "RU",
                            "description": "m"
                        },
                        {
                            "theory": "",
                            "chord": "e",
                            "description": "e"
                        },
                        {
                            "theory": "",
                            "chord": "ncf",
                            "description": "r"
                        }
                    ]
                }
            ]
        }
    },
    "#ZRuie": {
        "ambiguity": {
            "2": [
                {
                    "spelling": "Zorro",
                    "explanation": [
                        {
                            "theory": "Lapwing",
                            "chord": "#",
                            "description": "Proper noun"
                        },
                        {
                            "theory": "Harri",
                            "chord": "Z",
                            "description": "z"
                        },
                        {
                            "theory": "",
                            "chord": "",
                            "description": "drop short vowel"
                        },
                        {
                            "theory": "",
                            "chord": "R",
                            "description": "r"
                        },
                        {
                            "theory": "",
                            "chord": "uie",
                            "description": "uie vowel"
                        }
                    ]
                }
            ]
        }
    },
    "#ZRIuia/SCNanf": {
        "ambiguity": {
            "3": [
                {
                    "spelling": "Zululand",
                    "explanation": [
                        {
                            "theory": "Lapwing",
                            "chord": "#",
                            "description": "Proper noun"
                        },
                        {
                            "theory": "Harri",
                            "chord": "Z",
                            "description": "z"
                        },
                        {
                            "theory": "",
                            "chord": "",
                            "description": "drop long vowel"
                        },
                        {
                            "theory": "",
                            "chord": "RI",
                            "description": "l"
                        },
                        {
                            "theory": "",
                            "chord": "uia",
                            "description": "uia vowel"
                        },
                        {
                            "theory": "",
                            "chord": "/",
                            "description": ""
                        },
                        {
                            "theory": "",
                            "chord": "SCN",
                            "description": "l"
                        },
                        {
                            "theory": "",
                            "chord": "a",
                            "description": "short a"
                        },
                        {
                            "theory": "",
                            "chord": "nd",
                            "description": "nd"
                        }
                    ]
                }
            ]
        }
    }
}