{
    "aegis": {
        "ambiguity": {
            "3": {
                "number of strokes": {
                    "2": [
                        {
                            "raw steno outline": "ea/ZPis",
                            "explanation": [
                                {
                                    "theory": "Lapwing?",
                                    "chord": "ea",
                                    "description": "ue vowel spelt ae"
                                },
                                {
                                    "theory": "",
                                    "chord": "/",
                                    "description": ""
                                },
                                {
                                    "theory": "",
                                    "chord": "ZP",
                                    "description": "j sound"
                                },
                                {
                                    "theory": "",
                                    "chord": "i",
                                    "description": "i"
                                },
                                {
                                    "theory": "",
                                    "chord": "s",
                                    "description": "unvoiced s"
                                }
                            ]
                        }
                    ]
                }
            }
        }
    }
}