{
    "Achilles": {
        "ambiguity": {
            "4": {
                "number of strokes": {
                    "2": [
                        {
                            "raw steno outline": "#a/CPRIuez",
                            "explanation": [
                                {
                                    "theory": "Lapwing",
                                    "chord": "#",
                                    "description": "Proper noun"
                                },
                                {
                                    "theory": "",
                                    "chord": "a",
                                    "description": "short a"
                                },
                                {
                                    "theory": "",
                                    "chord": "/",
                                    "description": ""
                                },
                                {
                                    "theory": "",
                                    "chord": "CP",
                                    "description": "ch pronounced k"
                                },
                                {
                                    "theory": "",
                                    "chord": "",
                                    "description": "drop short vowel"
                                },
                                {
                                    "theory": "",
                                    "chord": "RI",
                                    "description": "l"
                                },
                                {
                                    "theory": "",
                                    "chord": "ue",
                                    "description": "ue vowel"
                                },
                                {
                                    "theory": "",
                                    "chord": "z",
                                    "description": "s voiced"
                                }
                            ]
                        },
                        {
                            "raw steno outline": "#apc/FCRIuez",
                            "explanation": [
                                {
                                    "theory": "Lapwing",
                                    "chord": "#",
                                    "description": "Proper noun"
                                },
                                {
                                    "theory": "",
                                    "chord": "a",
                                    "description": "short a"
                                },
                                {
                                    "theory": "",
                                    "chord": "pc",
                                    "description": "c pronounced k"
                                },
                                {
                                    "theory": "",
                                    "chord": "/",
                                    "description": ""
                                },
                                {
                                    "theory": "?",
                                    "chord": "FC",
                                    "description": "silent h"
                                },
                                {
                                    "theory": "",
                                    "chord": "",
                                    "description": "drop short vowel"
                                },
                                {
                                    "theory": "",
                                    "chord": "RI",
                                    "description": "l"
                                },
                                {
                                    "theory": "",
                                    "chord": "ue",
                                    "description": "ue vowel"
                                },
                                {
                                    "theory": "",
                                    "chord": "z",
                                    "description": "s voiced"
                                }
                            ]
                        }
                    ]
                }
            },
            "2": {
                "number of strokes": {
                    "3": [
                        {
                            "raw steno outline": "#a/CPi/SCNuez",
                            "explanation": [
                                {
                                    "theory": "Lapwing",
                                    "chord": "#",
                                    "description": "Proper noun"
                                },
                                {
                                    "theory": "",
                                    "chord": "a",
                                    "description": "short a"
                                },
                                {
                                    "theory": "",
                                    "chord": "/",
                                    "description": ""
                                },
                                {
                                    "theory": "",
                                    "chord": "CP",
                                    "description": "ch pronounced k"
                                },
                                {
                                    "theory": "",
                                    "chord": "i",
                                    "description": "i"
                                },
                                {
                                    "theory": "",
                                    "chord": "/",
                                    "description": ""
                                },
                                {
                                    "theory": "",
                                    "chord": "SCN",
                                    "description": "l"
                                },
                                {
                                    "theory": "",
                                    "chord": "ue",
                                    "description": "ue vowel"
                                },
                                {
                                    "theory": "",
                                    "chord": "z",
                                    "description": "s voiced"
                                }
                            ]
                        },
                        {
                            "raw steno outline": "#apc/FCi/SCNuez",
                            "explanation": [
                                {
                                    "theory": "Lapwing",
                                    "chord": "#",
                                    "description": "Proper noun"
                                },
                                {
                                    "theory": "",
                                    "chord": "a",
                                    "description": "short a"
                                },
                                {
                                    "theory": "",
                                    "chord": "pc",
                                    "description": "c pronounced k"
                                },
                                {
                                    "theory": "",
                                    "chord": "/",
                                    "description": ""
                                },
                                {
                                    "theory": "?",
                                    "chord": "FC",
                                    "description": "silent h"
                                },
                                {
                                    "theory": "",
                                    "chord": "i",
                                    "description": "i"
                                },
                                {
                                    "theory": "",
                                    "chord": "/",
                                    "description": ""
                                },
                                {
                                    "theory": "",
                                    "chord": "SCN",
                                    "description": "l"
                                },
                                {
                                    "theory": "",
                                    "chord": "ue",
                                    "description": "ue vowel"
                                },
                                {
                                    "theory": "",
                                    "chord": "z",
                                    "description": "s voiced"
                                }
                            ]
                        }
                    ]
                }
            }
        }
    }
}