{
    "Abner": {
        "ambiguity": {
            "0": {
                "number of strokes": {
                    "2": [
                        {
                            "raw steno outline": "#a/FCPXUencf",
                            "explanation": [
                                {
                                    "theory": "Lapwing",
                                    "chord": "#",
                                    "description": "Proper noun"
                                },
                                {
                                    "theory": "",
                                    "chord": "a",
                                    "description": "short a"
                                },
                                {
                                    "theory": "",
                                    "chord": "/",
                                    "description": ""
                                },
                                {
                                    "theory": "",
                                    "chord": "FCP",
                                    "description": "b"
                                },
                                {
                                    "theory": "",
                                    "chord": "TPH",
                                    "description": "n"
                                },
                                {
                                    "theory": "",
                                    "chord": "e",
                                    "description": "e"
                                },
                                {
                                    "theory": "",
                                    "chord": "ncf",
                                    "description": "r"
                                }
                            ]
                        },
                        {
                            "raw steno outline": "#apcf/Nencf",
                            "explanation": [
                                {
                                    "theory": "Lapwing",
                                    "chord": "#",
                                    "description": "Proper noun"
                                },
                                {
                                    "theory": "",
                                    "chord": "a",
                                    "description": "short a"
                                },
                                {
                                    "theory": "",
                                    "chord": "pcf",
                                    "description": "b"
                                },
                                {
                                    "theory": "",
                                    "chord": "/",
                                    "description": ""
                                },
                                {
                                    "theory": "",
                                    "chord": "N",
                                    "description": "n"
                                },
                                {
                                    "theory": "",
                                    "chord": "e",
                                    "description": "e"
                                },
                                {
                                    "theory": "",
                                    "chord": "ncf",
                                    "description": "r"
                                }
                            ]
                        }
                    ]
                }
            }
        }
    },
    "Abney": {
        "ambiguity": {
            "2": {
                "number of strokes": {
                    "2": [
                        {
                            "raw steno outline": "#a/FCPXUenz",
                            "explanation": [
                                {
                                    "theory": "Lapwing",
                                    "chord": "#",
                                    "description": "Proper noun"
                                },
                                {
                                    "theory": "",
                                    "chord": "a",
                                    "description": "short a"
                                },
                                {
                                    "theory": "",
                                    "chord": "/",
                                    "description": ""
                                },
                                {
                                    "theory": "",
                                    "chord": "FCP",
                                    "description": "b"
                                },
                                {
                                    "theory": "",
                                    "chord": "TPH",
                                    "description": "n"
                                },
                                {
                                    "theory": "Harri",
                                    "chord": "E",
                                    "description": "silent e"
                                },
                                {
                                    "theory": "",
                                    "chord": "nz",
                                    "description": "y pronounced i diphthong"
                                }
                            ]
                        },
                        {
                            "raw steno outline": "#apcf/Nenz",
                            "explanation": [
                                {
                                    "theory": "Lapwing",
                                    "chord": "#",
                                    "description": "Proper noun"
                                },
                                {
                                    "theory": "",
                                    "chord": "a",
                                    "description": "short a"
                                },
                                {
                                    "theory": "",
                                    "chord": "pcf",
                                    "description": "b"
                                },
                                {
                                    "theory": "",
                                    "chord": "/",
                                    "description": ""
                                },
                                {
                                    "theory": "",
                                    "chord": "N",
                                    "description": "n"
                                },
                                {
                                    "theory": "Harri",
                                    "chord": "E",
                                    "description": "silent e"
                                },
                                {
                                    "theory": "",
                                    "chord": "nz",
                                    "description": "y pronounced i diphthong"
                                }
                            ]
                        }
                    ]
                }
            }
        }
    }
}