{
    "Advent": {
        "ambiguity": {
            "1": {
                "number of strokes": {
                    "2": [
                        {
                            "raw steno outline": "#apcs/SCenzf",
                            "explanation": [
                                {
                                    "theory": "Lapwing",
                                    "chord": "#",
                                    "description": "Proper noun"
                                },
                                {
                                    "theory": "",
                                    "chord": "a",
                                    "description": "short a"
                                },
                                {
                                    "theory": "",
                                    "chord": "pcs",
                                    "description": "d"
                                },
                                {
                                    "theory": "",
                                    "chord": "/",
                                    "description": ""
                                },
                                {
                                    "theory": "",
                                    "chord": "SC",
                                    "description": "v"
                                },
                                {
                                    "theory": "",
                                    "chord": "e",
                                    "description": "e"
                                },
                                {
                                    "theory": "",
                                    "chord": "nzf",
                                    "description": "nt"
                                }
                            ]
                        }
                    ]
                }
            }
        }
    },
    "Advil": {
        "ambiguity": {
            "0": {
                "number of strokes": {
                    "2": [
                        {
                            "raw steno outline": "#apcs/SCincs",
                            "explanation": [
                                {
                                    "theory": "Lapwing",
                                    "chord": "#",
                                    "description": "Proper noun"
                                },
                                {
                                    "theory": "",
                                    "chord": "a",
                                    "description": "short a"
                                },
                                {
                                    "theory": "",
                                    "chord": "pcs",
                                    "description": "d"
                                },
                                {
                                    "theory": "",
                                    "chord": "/",
                                    "description": ""
                                },
                                {
                                    "theory": "",
                                    "chord": "SC",
                                    "description": "v"
                                },
                                {
                                    "theory": "",
                                    "chord": "i",
                                    "description": "i"
                                },
                                {
                                    "theory": "",
                                    "chord": "ncs",
                                    "description": "l"
                                }
                            ]
                        }
                    ]
                }
            }
        }
    }
}