{
    "ablated": {
        "ambiguity": {
            "6": {
                "number of strokes": {
                    "2": [
                        {
                            "raw steno outline": "apcf/SCNRIUepcs",
                            "explanation": [
                                {
                                    "theory": "",
                                    "chord": "a",
                                    "description": "short a"
                                },
                                {
                                    "theory": "",
                                    "chord": "pcf",
                                    "description": "b"
                                },
                                {
                                    "theory": "",
                                    "chord": "/",
                                    "description": ""
                                },
                                {
                                    "theory": "",
                                    "chord": "SCN",
                                    "description": "l"
                                },
                                {
                                    "theory": "",
                                    "chord": "",
                                    "description": "drop long vowel"
                                },
                                {
                                    "theory": "",
                                    "chord": "RIU",
                                    "description": "t"
                                },
                                {
                                    "theory": "Harri",
                                    "chord": "E",
                                    "description": "silent e"
                                },
                                {
                                    "theory": "",
                                    "chord": "pcs",
                                    "description": "suffix -ed"
                                }
                            ]
                        }
                    ]
                }
            },
            "3": {
                "number of strokes": {
                    "3": [
                        {
                            "raw steno outline": "a/FCPRIua/FPepcs",
                            "explanation": [
                                {
                                    "theory": "",
                                    "chord": "a",
                                    "description": "short a"
                                },
                                {
                                    "theory": "",
                                    "chord": "/",
                                    "description": ""
                                },
                                {
                                    "theory": "",
                                    "chord": "FCP",
                                    "description": "b"
                                },
                                {
                                    "theory": "",
                                    "chord": "RI",
                                    "description": "l"
                                },
                                {
                                    "theory": "",
                                    "chord": "ua",
                                    "description": "ua vowel"
                                },
                                {
                                    "theory": "",
                                    "chord": "/",
                                    "description": ""
                                },
                                {
                                    "theory": "",
                                    "chord": "FP",
                                    "description": "t"
                                },
                                {
                                    "theory": "Harri",
                                    "chord": "E",
                                    "description": "silent e"
                                },
                                {
                                    "theory": "",
                                    "chord": "pcs",
                                    "description": "suffix -ed"
                                }
                            ]
                        },
                        {
                            "raw steno outline": "apcf/SCNua/FPepcs",
                            "explanation": [
                                {
                                    "theory": "",
                                    "chord": "a",
                                    "description": "short a"
                                },
                                {
                                    "theory": "",
                                    "chord": "pcf",
                                    "description": "b"
                                },
                                {
                                    "theory": "",
                                    "chord": "/",
                                    "description": ""
                                },
                                {
                                    "theory": "",
                                    "chord": "SCN",
                                    "description": "l"
                                },
                                {
                                    "theory": "",
                                    "chord": "ua",
                                    "description": "ua vowel"
                                },
                                {
                                    "theory": "",
                                    "chord": "/",
                                    "description": ""
                                },
                                {
                                    "theory": "",
                                    "chord": "FP",
                                    "description": "t"
                                },
                                {
                                    "theory": "Harri",
                                    "chord": "E",
                                    "description": "silent e"
                                },
                                {
                                    "theory": "",
                                    "chord": "pcs",
                                    "description": "suffix -ed"
                                }
                            ]
                        }
                    ]
                }
            }
        }
    },
    "ablate": {
        "ambiguity": {
            "0": {
                "number of strokes": {
                    "2": [
                        {
                            "raw steno outline": "a/FCPRIuapf",
                            "explanation": [
                                {
                                    "theory": "",
                                    "chord": "a",
                                    "description": "short a"
                                },
                                {
                                    "theory": "",
                                    "chord": "/",
                                    "description": ""
                                },
                                {
                                    "theory": "",
                                    "chord": "FCP",
                                    "description": "b"
                                },
                                {
                                    "theory": "",
                                    "chord": "RI",
                                    "description": "l"
                                },
                                {
                                    "theory": "",
                                    "chord": "ua",
                                    "description": "ua vowel"
                                },
                                {
                                    "theory": "",
                                    "chord": "pf",
                                    "description": "t"
                                }
                            ]
                        },
                        {
                            "raw steno outline": "apcf/SCNuapf",
                            "explanation": [
                                {
                                    "theory": "",
                                    "chord": "a",
                                    "description": "short a"
                                },
                                {
                                    "theory": "",
                                    "chord": "pcf",
                                    "description": "b"
                                },
                                {
                                    "theory": "",
                                    "chord": "/",
                                    "description": ""
                                },
                                {
                                    "theory": "",
                                    "chord": "SCN",
                                    "description": "l"
                                },
                                {
                                    "theory": "",
                                    "chord": "ua",
                                    "description": "ua vowel"
                                },
                                {
                                    "theory": "",
                                    "chord": "pf",
                                    "description": "t"
                                }
                            ]
                        }
                    ]
                }
            }
        }
    },
    "ablaut": {
        "ambiguity": {
            "2": {
                "number of strokes": {
                    "2": [
                        {
                            "raw steno outline": "apcf/SCNUupf",
                            "explanation": [
                                {
                                    "theory": "",
                                    "chord": "a",
                                    "description": "short a"
                                },
                                {
                                    "theory": "",
                                    "chord": "pcf",
                                    "description": "b"
                                },
                                {
                                    "theory": "",
                                    "chord": "/",
                                    "description": ""
                                },
                                {
                                    "theory": "",
                                    "chord": "SCN",
                                    "description": "l"
                                },
                                {
                                    "theory": "",
                                    "chord": "Uu",
                                    "description": "ia vowel spelt au"
                                },
                                {
                                    "theory": "",
                                    "chord": "pf",
                                    "description": "t"
                                }
                            ]
                        }
                    ]
                }
            }
        }
    },
    "abled": {
        "ambiguity": {
            "3": {
                "number of strokes": {
                    "2": [
                        {
                            "raw steno outline": "ua/FCPRIepcs",
                            "explanation": [
                                {
                                    "theory": "",
                                    "chord": "ua",
                                    "description": "ua vowel"
                                },
                                {
                                    "theory": "",
                                    "chord": "/",
                                    "description": ""
                                },
                                {
                                    "theory": "",
                                    "chord": "FCP",
                                    "description": "b"
                                },
                                {
                                    "theory": "",
                                    "chord": "RI",
                                    "description": "l"
                                },
                                {
                                    "theory": "Harri",
                                    "chord": "E",
                                    "description": "silent e"
                                },
                                {
                                    "theory": "",
                                    "chord": "pcs",
                                    "description": "suffix -ed"
                                }
                            ]
                        },
                        {
                            "raw steno outline": "uapcf/SCNepcs",
                            "explanation": [
                                {
                                    "theory": "",
                                    "chord": "ua",
                                    "description": "ua vowel"
                                },
                                {
                                    "theory": "",
                                    "chord": "pcf",
                                    "description": "b"
                                },
                                {
                                    "theory": "",
                                    "chord": "/",
                                    "description": ""
                                },
                                {
                                    "theory": "",
                                    "chord": "SCN",
                                    "description": "l"
                                },
                                {
                                    "theory": "Harri",
                                    "chord": "E",
                                    "description": "silent e"
                                },
                                {
                                    "theory": "",
                                    "chord": "pcs",
                                    "description": "suffix -ed"
                                }
                            ]
                        }
                    ]
                }
            }
        }
    }
}