{
    "abjection": {
        "ambiguity": {
            "1": {
                "number of strokes": {
                    "2": [
                        {
                            "raw steno outline": "apcf/ZPenzs",
                            "explanation": [
                                {
                                    "theory": "",
                                    "chord": "a",
                                    "description": "short a"
                                },
                                {
                                    "theory": "",
                                    "chord": "pcf",
                                    "description": "b"
                                },
                                {
                                    "theory": "",
                                    "chord": "/",
                                    "description": ""
                                },
                                {
                                    "theory": "",
                                    "chord": "ZP",
                                    "description": "j"
                                },
                                {
                                    "theory": "",
                                    "chord": "e",
                                    "description": "e"
                                },
                                {
                                    "theory": "",
                                    "chord": "nzs",
                                    "description": "ction"
                                }
                            ]
                        }
                    ]
                }
            }
        }
    },
    "abjured": {
        "ambiguity": {
            "6": {
                "number of strokes": {
                    "2": [
                        {
                            "raw steno outline": "apcf/ZPRepcs",
                            "explanation": [
                                {
                                    "theory": "",
                                    "chord": "a",
                                    "description": "short a"
                                },
                                {
                                    "theory": "",
                                    "chord": "pcf",
                                    "description": "b"
                                },
                                {
                                    "theory": "",
                                    "chord": "/",
                                    "description": ""
                                },
                                {
                                    "theory": "",
                                    "chord": "ZP",
                                    "description": "j"
                                },
                                {
                                    "theory": "",
                                    "chord": "",
                                    "description": "drop long vowel"
                                },
                                {
                                    "theory": "",
                                    "chord": "R",
                                    "description": "r"
                                },
                                {
                                    "theory": "Harri",
                                    "chord": "E",
                                    "description": "silent e"
                                },
                                {
                                    "theory": "",
                                    "chord": "pcs",
                                    "description": "suffix -ed"
                                }
                            ]
                        }
                    ]
                }
            },
            "3": {
                "number of strokes": {
                    "3": [
                        {
                            "raw steno outline": "apcf/ZPuia/FCNepcs",
                            "explanation": [
                                {
                                    "theory": "",
                                    "chord": "a",
                                    "description": "short a"
                                },
                                {
                                    "theory": "",
                                    "chord": "pcf",
                                    "description": "b"
                                },
                                {
                                    "theory": "",
                                    "chord": "/",
                                    "description": ""
                                },
                                {
                                    "theory": "",
                                    "chord": "ZP",
                                    "description": "j"
                                },
                                {
                                    "theory": "",
                                    "chord": "uia",
                                    "description": "uia vowel"
                                },
                                {
                                    "theory": "",
                                    "chord": "/",
                                    "description": ""
                                },
                                {
                                    "theory": "",
                                    "chord": "FCN",
                                    "description": "r"
                                },
                                {
                                    "theory": "Harri",
                                    "chord": "E",
                                    "description": "silent e"
                                },
                                {
                                    "theory": "",
                                    "chord": "pcs",
                                    "description": "suffix -ed"
                                }
                            ]
                        }
                    ]
                }
            }
        }
    },
    "abjure": {
        "ambiguity": {
            "0": {
                "number of strokes": {
                    "2": [
                        {
                            "raw steno outline": "apcf/ZPuiancf",
                            "explanation": [
                                {
                                    "theory": "",
                                    "chord": "a",
                                    "description": "short a"
                                },
                                {
                                    "theory": "",
                                    "chord": "pcf",
                                    "description": "b"
                                },
                                {
                                    "theory": "",
                                    "chord": "/",
                                    "description": ""
                                },
                                {
                                    "theory": "",
                                    "chord": "ZP",
                                    "description": "j"
                                },
                                {
                                    "theory": "",
                                    "chord": "uia",
                                    "description": "uia vowel"
                                },
                                {
                                    "theory": "",
                                    "chord": "ncf",
                                    "description": "r"
                                }
                            ]
                        }
                    ]
                }
            }
        }
    }
}