{
    "Acropolis": {
        "ambiguity": {
            "3": {
                "number of strokes": {
                    "3": [
                        {
                            "raw steno outline": "#a/CPRie/PRIis",
                            "explanation": [
                                {
                                    "theory": "Lapwing",
                                    "chord": "#",
                                    "description": "Proper noun"
                                },
                                {
                                    "theory": "",
                                    "chord": "a",
                                    "description": "short a"
                                },
                                {
                                    "theory": "",
                                    "chord": "/",
                                    "description": ""
                                },
                                {
                                    "theory": "",
                                    "chord": "CP",
                                    "description": "c pronounced k"
                                },
                                {
                                    "theory": "",
                                    "chord": "R",
                                    "description": "r"
                                },
                                {
                                    "theory": "",
                                    "chord": "ie",
                                    "description": "o"
                                },
                                {
                                    "theory": "",
                                    "chord": "/",
                                    "description": ""
                                },
                                {
                                    "theory": "",
                                    "chord": "P",
                                    "description": "p"
                                },
                                {
                                    "theory": "",
                                    "chord": "",
                                    "description": "drop short vowel"
                                },
                                {
                                    "theory": "",
                                    "chord": "RI",
                                    "description": "l"
                                },
                                {
                                    "theory": "",
                                    "chord": "i",
                                    "description": "i"
                                },
                                {
                                    "theory": "",
                                    "chord": "s",
                                    "description": "unvoiced s"
                                }
                            ]
                        },
                        {
                            "raw steno outline": "#apc/FCNIUie/SCNis",
                            "explanation": [
                                {
                                    "theory": "Lapwing",
                                    "chord": "#",
                                    "description": "Proper noun"
                                },
                                {
                                    "theory": "",
                                    "chord": "a",
                                    "description": "short a"
                                },
                                {
                                    "theory": "",
                                    "chord": "pc",
                                    "description": "c pronounced k"
                                },
                                {
                                    "theory": "",
                                    "chord": "/",
                                    "description": ""
                                },
                                {
                                    "theory": "",
                                    "chord": "FCN",
                                    "description": "r"
                                },
                                {
                                    "theory": "",
                                    "chord": "",
                                    "description": "drop short vowel"
                                },
                                {
                                    "theory": "",
                                    "chord": "IU",
                                    "description": "p"
                                },
                                {
                                    "theory": "",
                                    "chord": "ie",
                                    "description": "o"
                                },
                                {
                                    "theory": "",
                                    "chord": "/",
                                    "description": ""
                                },
                                {
                                    "theory": "",
                                    "chord": "SCN",
                                    "description": "l"
                                },
                                {
                                    "theory": "",
                                    "chord": "i",
                                    "description": "i"
                                },
                                {
                                    "theory": "",
                                    "chord": "s",
                                    "description": "unvoiced s"
                                }
                            ]
                        },
                        {
                            "raw steno outline": "#apc/FCNie/PRIis",
                            "explanation": [
                                {
                                    "theory": "Lapwing",
                                    "chord": "#",
                                    "description": "Proper noun"
                                },
                                {
                                    "theory": "",
                                    "chord": "a",
                                    "description": "short a"
                                },
                                {
                                    "theory": "",
                                    "chord": "pc",
                                    "description": "c pronounced k"
                                },
                                {
                                    "theory": "",
                                    "chord": "/",
                                    "description": ""
                                },
                                {
                                    "theory": "",
                                    "chord": "FCN",
                                    "description": "r"
                                },
                                {
                                    "theory": "",
                                    "chord": "ie",
                                    "description": "o"
                                },
                                {
                                    "theory": "",
                                    "chord": "/",
                                    "description": ""
                                },
                                {
                                    "theory": "",
                                    "chord": "P",
                                    "description": "p"
                                },
                                {
                                    "theory": "",
                                    "chord": "",
                                    "description": "drop short vowel"
                                },
                                {
                                    "theory": "",
                                    "chord": "RI",
                                    "description": "l"
                                },
                                {
                                    "theory": "",
                                    "chord": "i",
                                    "description": "i"
                                },
                                {
                                    "theory": "",
                                    "chord": "s",
                                    "description": "unvoiced s"
                                }
                            ]
                        }
                    ]
                }
            },
            "1": {
                "number of strokes": {
                    "4": [
                        {
                            "raw steno outline": "#a/CPRie/Pie/SCNis",
                            "explanation": [
                                {
                                    "theory": "Lapwing",
                                    "chord": "#",
                                    "description": "Proper noun"
                                },
                                {
                                    "theory": "",
                                    "chord": "a",
                                    "description": "short a"
                                },
                                {
                                    "theory": "",
                                    "chord": "/",
                                    "description": ""
                                },
                                {
                                    "theory": "",
                                    "chord": "CP",
                                    "description": "c pronounced k"
                                },
                                {
                                    "theory": "",
                                    "chord": "R",
                                    "description": "r"
                                },
                                {
                                    "theory": "",
                                    "chord": "ie",
                                    "description": "o"
                                },
                                {
                                    "theory": "",
                                    "chord": "/",
                                    "description": ""
                                },
                                {
                                    "theory": "",
                                    "chord": "P",
                                    "description": "p"
                                },
                                {
                                    "theory": "",
                                    "chord": "ie",
                                    "description": "o"
                                },
                                {
                                    "theory": "",
                                    "chord": "/",
                                    "description": ""
                                },
                                {
                                    "theory": "",
                                    "chord": "SCN",
                                    "description": "l"
                                },
                                {
                                    "theory": "",
                                    "chord": "i",
                                    "description": "i"
                                },
                                {
                                    "theory": "",
                                    "chord": "s",
                                    "description": "unvoiced s"
                                }
                            ]
                        },
                        {
                            "raw steno outline": "#apc/FCNie/Pie/SCNis",
                            "explanation": [
                                {
                                    "theory": "Lapwing",
                                    "chord": "#",
                                    "description": "Proper noun"
                                },
                                {
                                    "theory": "",
                                    "chord": "a",
                                    "description": "short a"
                                },
                                {
                                    "theory": "",
                                    "chord": "pc",
                                    "description": "c pronounced k"
                                },
                                {
                                    "theory": "",
                                    "chord": "/",
                                    "description": ""
                                },
                                {
                                    "theory": "",
                                    "chord": "FCN",
                                    "description": "r"
                                },
                                {
                                    "theory": "",
                                    "chord": "ie",
                                    "description": "o"
                                },
                                {
                                    "theory": "",
                                    "chord": "/",
                                    "description": ""
                                },
                                {
                                    "theory": "",
                                    "chord": "P",
                                    "description": "p"
                                },
                                {
                                    "theory": "",
                                    "chord": "ie",
                                    "description": "o"
                                },
                                {
                                    "theory": "",
                                    "chord": "/",
                                    "description": ""
                                },
                                {
                                    "theory": "",
                                    "chord": "SCN",
                                    "description": "l"
                                },
                                {
                                    "theory": "",
                                    "chord": "i",
                                    "description": "i"
                                },
                                {
                                    "theory": "",
                                    "chord": "s",
                                    "description": "unvoiced s"
                                }
                            ]
                        }
                    ]
                }
            }
        }
    }
}