{
    "acne": {
        "ambiguity": {
            "1": {
                "number of strokes": {
                    "2": [
                        {
                            "raw steno outline": "a/CPXUe",
                            "explanation": [
                                {
                                    "theory": "",
                                    "chord": "a",
                                    "description": "short a"
                                },
                                {
                                    "theory": "",
                                    "chord": "/",
                                    "description": ""
                                },
                                {
                                    "theory": "",
                                    "chord": "CP",
                                    "description": "c pronounced k"
                                },
                                {
                                    "theory": "",
                                    "chord": "TPH",
                                    "description": "n"
                                },
                                {
                                    "theory": "",
                                    "chord": "e",
                                    "description": "EU vowel spelt e"
                                }
                            ]
                        },
                        {
                            "raw steno outline": "apc/Ne",
                            "explanation": [
                                {
                                    "theory": "",
                                    "chord": "a",
                                    "description": "short a"
                                },
                                {
                                    "theory": "",
                                    "chord": "pc",
                                    "description": "c pronounced k"
                                },
                                {
                                    "theory": "",
                                    "chord": "/",
                                    "description": ""
                                },
                                {
                                    "theory": "",
                                    "chord": "N",
                                    "description": "n"
                                },
                                {
                                    "theory": "",
                                    "chord": "e",
                                    "description": "EU vowel spelt e"
                                }
                            ]
                        }
                    ]
                }
            }
        }
    }
}