{
    "acquainted": {
        "ambiguity": {
            "5": {
                "number of strokes": {
                    "3": [
                        {
                            "raw steno outline": "a/CPUua/NRIUepcs",
                            "explanation": [
                                {
                                    "theory": "",
                                    "chord": "a",
                                    "description": "short a"
                                },
                                {
                                    "theory": "",
                                    "chord": "/",
                                    "description": ""
                                },
                                {
                                    "theory": "",
                                    "chord": "CP",
                                    "description": "q"
                                },
                                {
                                    "theory": "Harri",
                                    "chord": "U",
                                    "description": "u pronounced w"
                                },
                                {
                                    "theory": "",
                                    "chord": "ua",
                                    "description": "ua vowel"
                                },
                                {
                                    "theory": "",
                                    "chord": "/",
                                    "description": ""
                                },
                                {
                                    "theory": "",
                                    "chord": "N",
                                    "description": "n"
                                },
                                {
                                    "theory": "",
                                    "chord": "RIU",
                                    "description": "t"
                                },
                                {
                                    "theory": "Harri",
                                    "chord": "E",
                                    "description": "silent e"
                                },
                                {
                                    "theory": "",
                                    "chord": "pcs",
                                    "description": "suffix -ed"
                                }
                            ]
                        },
                        {
                            "raw steno outline": "a/CPUuan/FPepcs",
                            "explanation": [
                                {
                                    "theory": "",
                                    "chord": "a",
                                    "description": "short a"
                                },
                                {
                                    "theory": "",
                                    "chord": "/",
                                    "description": ""
                                },
                                {
                                    "theory": "",
                                    "chord": "CP",
                                    "description": "q"
                                },
                                {
                                    "theory": "Harri",
                                    "chord": "U",
                                    "description": "u pronounced w"
                                },
                                {
                                    "theory": "",
                                    "chord": "ua",
                                    "description": "ua vowel"
                                },
                                {
                                    "theory": "",
                                    "chord": "n",
                                    "description": "n"
                                },
                                {
                                    "theory": "",
                                    "chord": "/",
                                    "description": ""
                                },
                                {
                                    "theory": "",
                                    "chord": "FP",
                                    "description": "t"
                                },
                                {
                                    "theory": "Harri",
                                    "chord": "E",
                                    "description": "silent e"
                                },
                                {
                                    "theory": "",
                                    "chord": "pcs",
                                    "description": "suffix -ed"
                                }
                            ]
                        }
                    ]
                }
            }
        }
    },
    "acquaint": {
        "ambiguity": {
            "3": {
                "number of strokes": {
                    "2": [
                        {
                            "raw steno outline": "a/CPUuanzf",
                            "explanation": [
                                {
                                    "theory": "",
                                    "chord": "a",
                                    "description": "short a"
                                },
                                {
                                    "theory": "",
                                    "chord": "/",
                                    "description": ""
                                },
                                {
                                    "theory": "",
                                    "chord": "CP",
                                    "description": "q"
                                },
                                {
                                    "theory": "Harri",
                                    "chord": "U",
                                    "description": "u pronounced w"
                                },
                                {
                                    "theory": "",
                                    "chord": "ua",
                                    "description": "ua vowel"
                                },
                                {
                                    "theory": "",
                                    "chord": "nzf",
                                    "description": "nt"
                                }
                            ]
                        }
                    ]
                }
            }
        }
    },
    "acquired": {
        "ambiguity": {
            "4": {
                "number of strokes": {
                    "3": [
                        {
                            "raw steno outline": "a/CPUui/FCNepcs",
                            "explanation": [
                                {
                                    "theory": "",
                                    "chord": "a",
                                    "description": "short a"
                                },
                                {
                                    "theory": "",
                                    "chord": "/",
                                    "description": ""
                                },
                                {
                                    "theory": "",
                                    "chord": "CP",
                                    "description": "q"
                                },
                                {
                                    "theory": "Harri",
                                    "chord": "U",
                                    "description": "u pronounced w"
                                },
                                {
                                    "theory": "",
                                    "chord": "ui",
                                    "description": "ui vowel"
                                },
                                {
                                    "theory": "",
                                    "chord": "/",
                                    "description": ""
                                },
                                {
                                    "theory": "",
                                    "chord": "FCN",
                                    "description": "r"
                                },
                                {
                                    "theory": "Harri",
                                    "chord": "E",
                                    "description": "silent e"
                                },
                                {
                                    "theory": "",
                                    "chord": "pcs",
                                    "description": "suffix -ed"
                                }
                            ]
                        }
                    ]
                }
            }
        }
    },
    "acquire": {
        "ambiguity": {
            "1": {
                "number of strokes": {
                    "2": [
                        {
                            "raw steno outline": "a/CPUuincf",
                            "explanation": [
                                {
                                    "theory": "",
                                    "chord": "a",
                                    "description": "short a"
                                },
                                {
                                    "theory": "",
                                    "chord": "/",
                                    "description": ""
                                },
                                {
                                    "theory": "",
                                    "chord": "CP",
                                    "description": "q"
                                },
                                {
                                    "theory": "Harri",
                                    "chord": "U",
                                    "description": "u pronounced w"
                                },
                                {
                                    "theory": "",
                                    "chord": "ui",
                                    "description": "ui vowel"
                                },
                                {
                                    "theory": "",
                                    "chord": "ncf",
                                    "description": "r"
                                }
                            ]
                        }
                    ]
                }
            }
        }
    },
    "acquisitive": {
        "ambiguity": {
            "3": {
                "number of strokes": {
                    "3": [
                        {
                            "raw steno outline": "a/CPUi/ZRIUics",
                            "explanation": [
                                {
                                    "theory": "",
                                    "chord": "a",
                                    "description": "short a"
                                },
                                {
                                    "theory": "",
                                    "chord": "/",
                                    "description": ""
                                },
                                {
                                    "theory": "",
                                    "chord": "CP",
                                    "description": "q"
                                },
                                {
                                    "theory": "Harri",
                                    "chord": "U",
                                    "description": "u pronounced w"
                                },
                                {
                                    "theory": "",
                                    "chord": "i",
                                    "description": "i"
                                },
                                {
                                    "theory": "",
                                    "chord": "/",
                                    "description": ""
                                },
                                {
                                    "theory": "",
                                    "chord": "Z",
                                    "description": "s pronounced z"
                                },
                                {
                                    "theory": "",
                                    "chord": "",
                                    "description": "drop short vowel"
                                },
                                {
                                    "theory": "",
                                    "chord": "RIU",
                                    "description": "t"
                                },
                                {
                                    "theory": "",
                                    "chord": "i",
                                    "description": "i"
                                },
                                {
                                    "theory": "",
                                    "chord": "cs",
                                    "description": "v"
                                }
                            ]
                        }
                    ]
                }
            },
            "1": {
                "number of strokes": {
                    "4": [
                        {
                            "raw steno outline": "a/CPUi/Zi/FPics",
                            "explanation": [
                                {
                                    "theory": "",
                                    "chord": "a",
                                    "description": "short a"
                                },
                                {
                                    "theory": "",
                                    "chord": "/",
                                    "description": ""
                                },
                                {
                                    "theory": "",
                                    "chord": "CP",
                                    "description": "q"
                                },
                                {
                                    "theory": "Harri",
                                    "chord": "U",
                                    "description": "u pronounced w"
                                },
                                {
                                    "theory": "",
                                    "chord": "i",
                                    "description": "i"
                                },
                                {
                                    "theory": "",
                                    "chord": "/",
                                    "description": ""
                                },
                                {
                                    "theory": "",
                                    "chord": "Z",
                                    "description": "s pronounced z"
                                },
                                {
                                    "theory": "",
                                    "chord": "i",
                                    "description": "i"
                                },
                                {
                                    "theory": "",
                                    "chord": "/",
                                    "description": ""
                                },
                                {
                                    "theory": "",
                                    "chord": "FP",
                                    "description": "t"
                                },
                                {
                                    "theory": "",
                                    "chord": "i",
                                    "description": "i"
                                },
                                {
                                    "theory": "",
                                    "chord": "cs",
                                    "description": "v"
                                }
                            ]
                        }
                    ]
                }
            }
        }
    },
    "acquittal": {
        "ambiguity": {
            "2": {
                "number of strokes": {
                    "3": [
                        {
                            "raw steno outline": "a/CPUi/FPancs",
                            "explanation": [
                                {
                                    "theory": "",
                                    "chord": "a",
                                    "description": "short a"
                                },
                                {
                                    "theory": "",
                                    "chord": "/",
                                    "description": ""
                                },
                                {
                                    "theory": "",
                                    "chord": "CP",
                                    "description": "q"
                                },
                                {
                                    "theory": "Harri",
                                    "chord": "U",
                                    "description": "u pronounced w"
                                },
                                {
                                    "theory": "",
                                    "chord": "i",
                                    "description": "i"
                                },
                                {
                                    "theory": "",
                                    "chord": "/",
                                    "description": ""
                                },
                                {
                                    "theory": "",
                                    "chord": "FP",
                                    "description": "t"
                                },
                                {
                                    "theory": "Harri",
                                    "chord": "A",
                                    "description": "silent a"
                                },
                                {
                                    "theory": "",
                                    "chord": "ncs",
                                    "description": "suffix -l"
                                }
                            ]
                        }
                    ]
                }
            }
        }
    },
    "acquitted": {
        "ambiguity": {
            "4": {
                "number of strokes": {
                    "3": [
                        {
                            "raw steno outline": "a/CPUi/FPepcs",
                            "explanation": [
                                {
                                    "theory": "",
                                    "chord": "a",
                                    "description": "short a"
                                },
                                {
                                    "theory": "",
                                    "chord": "/",
                                    "description": ""
                                },
                                {
                                    "theory": "",
                                    "chord": "CP",
                                    "description": "q"
                                },
                                {
                                    "theory": "Harri",
                                    "chord": "U",
                                    "description": "u pronounced w"
                                },
                                {
                                    "theory": "",
                                    "chord": "i",
                                    "description": "i"
                                },
                                {
                                    "theory": "",
                                    "chord": "/",
                                    "description": ""
                                },
                                {
                                    "theory": "",
                                    "chord": "FP",
                                    "description": "t"
                                },
                                {
                                    "theory": "Harri",
                                    "chord": "E",
                                    "description": "silent e"
                                },
                                {
                                    "theory": "",
                                    "chord": "pcs",
                                    "description": "suffix -ed"
                                }
                            ]
                        }
                    ]
                }
            }
        }
    },
    "acquit": {
        "ambiguity": {
            "1": {
                "number of strokes": {
                    "2": [
                        {
                            "raw steno outline": "a/CPUipf",
                            "explanation": [
                                {
                                    "theory": "",
                                    "chord": "a",
                                    "description": "short a"
                                },
                                {
                                    "theory": "",
                                    "chord": "/",
                                    "description": ""
                                },
                                {
                                    "theory": "",
                                    "chord": "CP",
                                    "description": "q"
                                },
                                {
                                    "theory": "Harri",
                                    "chord": "U",
                                    "description": "u pronounced w"
                                },
                                {
                                    "theory": "",
                                    "chord": "i",
                                    "description": "i"
                                },
                                {
                                    "theory": "",
                                    "chord": "pf",
                                    "description": "t"
                                }
                            ]
                        }
                    ]
                }
            }
        }
    }
}