{
    "ace": {
        "ambiguity": {
            "1": {
                "number of strokes": {
                    "1": [
                        {
                            "raw steno outline": "uas",
                            "explanation": [
                                {
                                    "theory": "",
                                    "chord": "ua",
                                    "description": "ua vowel"
                                },
                                {
                                    "theory": "",
                                    "chord": "s",
                                    "description": "unvoiced s spelt c"
                                }
                            ]
                        }
                    ]
                }
            }
        }
    },
    "acer": {
        "ambiguity": {
            "1": {
                "number of strokes": {
                    "2": [
                        {
                            "raw steno outline": "ua/Sencf",
                            "explanation": [
                                {
                                    "theory": "",
                                    "chord": "ua",
                                    "description": "ua vowel"
                                },
                                {
                                    "theory": "",
                                    "chord": "/",
                                    "description": ""
                                },
                                {
                                    "theory": "",
                                    "chord": "S",
                                    "description": "c pronounced s"
                                },
                                {
                                    "theory": "",
                                    "chord": "e",
                                    "description": "e"
                                },
                                {
                                    "theory": "",
                                    "chord": "ncf",
                                    "description": "r"
                                }
                            ]
                        }
                    ]
                }
            }
        }
    },
    "acetate": {
        "ambiguity": {
            "3": {
                "number of strokes": {
                    "2": [
                        {
                            "raw steno outline": "a/SRIUuapf",
                            "explanation": [
                                {
                                    "theory": "",
                                    "chord": "a",
                                    "description": "short a"
                                },
                                {
                                    "theory": "",
                                    "chord": "/",
                                    "description": ""
                                },
                                {
                                    "theory": "",
                                    "chord": "S",
                                    "description": "c pronounced s"
                                },
                                {
                                    "theory": "",
                                    "chord": "",
                                    "description": "drop short vowel"
                                },
                                {
                                    "theory": "",
                                    "chord": "RIU",
                                    "description": "t"
                                },
                                {
                                    "theory": "",
                                    "chord": "ua",
                                    "description": "ua vowel"
                                },
                                {
                                    "theory": "",
                                    "chord": "pf",
                                    "description": "t"
                                }
                            ]
                        }
                    ]
                }
            },
            "1": {
                "number of strokes": {
                    "3": [
                        {
                            "raw steno outline": "a/Se/FPuapf",
                            "explanation": [
                                {
                                    "theory": "",
                                    "chord": "a",
                                    "description": "short a"
                                },
                                {
                                    "theory": "",
                                    "chord": "/",
                                    "description": ""
                                },
                                {
                                    "theory": "",
                                    "chord": "S",
                                    "description": "c pronounced s"
                                },
                                {
                                    "theory": "",
                                    "chord": "e",
                                    "description": "e"
                                },
                                {
                                    "theory": "",
                                    "chord": "/",
                                    "description": ""
                                },
                                {
                                    "theory": "",
                                    "chord": "FP",
                                    "description": "t"
                                },
                                {
                                    "theory": "",
                                    "chord": "ua",
                                    "description": "ua vowel"
                                },
                                {
                                    "theory": "",
                                    "chord": "pf",
                                    "description": "t"
                                }
                            ]
                        }
                    ]
                }
            }
        }
    }
}